admitted_spans,admitted_traces,archive_gzip_bytes,background_p,collector_cpu_s,complete_traces,diagnostic_witnesses,duplicates,end_rss_bytes,export_gzip_sha256,export_json_bytes,export_json_sha256,http_requests,ingress_payload_bytes,ingress_s,max_schedule_lag_s,measurement_s,measurement_utc,offered_spans,offered_traces,order,p,peak_rss_bytes,retained_spans,retained_traces,seed,start_rss_bytes,strategy,valid
100600,20000,3147219,,0.74,20000,600,0,193327104,0e0e70adaae30624a2f6de09d9468a924d74c81df5d761f591979cc558f1774b,57644020,9e449045946237fba3fb1ddfdc9fb9c03391b63ac75dbc9d064e0407073d1dfe,200,57645800,9.956365574151278,0.0036133192479610443,13.95655744895339,2026-09-23T21:41:28Z,100600,20000,0,1.0,193327104,100600,20000,1101,170393600,full,True
121,24,4367,,0.020000000000000004,24,1,0,172097536,5e8e8278b854b9971a4cc56ff003713fd071c8589e01eb84abf1ea855d13a9ef,69626,99b3dd1f8c9ad3bb095cf4e526c943bb9870d93ef666f56a6b14bf31a528932b,23,69623,9.950070552527905,0.00042543187737464905,13.950272977352142,2026-09-23T21:44:03Z,100600,20000,10,0.001,172097536,121,24,1101,170917888,head,True
990,197,32279,,0.07,197,5,0,174456832,a9de7d131078a6de11b9fbee1393194c8b84d55241d6aad8639ff910bdb6530b,568952,9b568fa2077a122cbcb3005fc47da801da344e83118003d04cb50b95386b77b4,124,569608,9.950066316872835,0.00011470168828964233,13.950281791388988,2026-09-23T21:42:47Z,100600,20000,5,0.01,174456832,990,197,1101,170393600,head,True
2490,495,79901,,0.11,495,14,0,181141504,3046f5b36fa2dc085379c9cc84f6d0bd8374cdb38ea81719df7b5e2a5fdadad4,1429977,8970590bdf0670924a39fffa7a4e2e4371ceb1bb52a368a18bca6176b2ce1a18,180,1431437,9.950701639056206,0.0005166828632354736,13.95097079873085,2026-09-23T21:43:17Z,100600,20000,7,0.025,181141504,2490,495,1101,171704320,head,True
4930,981,156902,,0.13,981,25,0,182452224,ba8b635a7eee393c0175e463640f55b7ac018bd2189240aabc8e1423f6925ec7,2826808,5a68c1c0299b9366fc64aab6385a0b44642a52ccc0f60ce8ba2423f931d5ef96,197,2828571,9.950598150491714,0.00012213364243507385,13.95084111765027,2026-09-23T21:44:32Z,100600,20000,12,0.05,182452224,4930,981,1101,171835392,head,True
9995,1986,317422,,0.18,1986,68,0,181141504,32eff582b551bcd7da76cdd227827d8ef186134dcc8fff56464d94796ea22443,5729135,942c2488937c737a4ab413563f78235d9ac4674579b02fc20becdf2829553907,200,5730955,9.951030272990465,0.000250108540058136,13.951236501336098,2026-09-23T21:44:17Z,100600,20000,11,0.1,181141504,9995,1986,1101,170524672,head,True
24984,4963,790438,,0.31,4963,162,0,188743680,3b09995f50286e8489049fb1d7512d5351b56791ba808354465e2123033b30ca,14321795,db2a81abb6af01a5fc18ce6f3cc90e5c47eb7e4ed80e902f2e4b63ed11281599,200,14323615,9.951220914721489,0.00022580474615097046,13.951356668025255,2026-09-23T21:43:48Z,100600,20000,9,0.25,188743680,24984,4963,1101,172097536,head,True
49461,9830,1559719,,0.45,9830,310,0,188743680,56cba2ce5069042ae8c58916b650e707a6c7cfbbc99e328a30697b4ee7aa8c95,28343675,69ca4685245bdd0dd20a3eb097906424542af9648aab2ae78fd821142ad19a34,200,28345475,9.951408930122852,0.00010335072875022888,13.951775565743446,2026-09-23T21:43:32Z,100600,20000,8,0.5,188743680,49461,9830,1101,171311104,head,True
100600,20000,82285,0.0,1.0799999999999998,400,400,0,244092928,04d16f5aef1181c6c46c6388809fa5f25cd932a06a75ba62ceee2a4176065708,1625640,ca473bd12bfa90c17f3a1b03762ce9ffcb2f5587e4cc72abd906e62844cd6f4f,200,57645800,9.952663339674473,0.0003532618284225464,13.952882647514343,2026-09-23T21:44:47Z,100600,20000,13,0.02,246607872,2600,400,1101,169082880,tail,True
100600,20000,98447,0.005102040816326532,1.13,497,401,0,239431680,06def5f2a949191398630ca6de9bf95b636ea774689d5888d8b477274dc1fc16,1902845,91fbeae4ca8ea329bedb3cd8302f859dbea1869dc7017239ecfdeffc85e0999b,200,57645800,9.952994503080845,0.00011649355292320251,13.953193094581366,2026-09-23T21:42:01Z,100600,20000,2,0.025,239431680,3085,497,1101,170262528,tail,True
100600,20000,179820,0.030612244897959186,1.0999999999999999,994,406,0,242831360,7e75924003a857ff2d561468ce4e485e7577797410e01efce456829687b98c33,3323386,32f583dbaf1f53644ae2bd375d4c86cdb869eb54ed23ae251cbf246536c1043f,200,57645800,9.957792591303587,9.249523282051086e-05,13.958001602441072,2026-09-23T21:42:16Z,100600,20000,3,0.05,245628928,5570,994,1101,170262528,tail,True
100600,20000,339917,0.0816326530612245,1.13,1980,415,0,244580352,c3eeb79434563388703f793f4d5a17104958d16eb250c5b09f890a9be7615547,6141525,c4d0670f6289f8a07b6b5bebd2a6f3d8bad48d8dae02ea19258acaeec9f81b3a,200,57645800,9.952783022075891,0.00011964887380599976,13.95299607515335,2026-09-23T21:43:02Z,100600,20000,6,0.1,244580352,10500,1980,1101,171180032,tail,True
100600,20000,815803,0.23469387755102042,1.18,4955,438,0,243761152,ca1dc0f30f09b49de5a84507c52ec33c64d2c9b430ddfb297e3d19bf9cd123f7,14644632,c94f84887d058e875cf58a060a751b525567e62e657bcf9180fc92de1b39ddb9,200,57645800,9.95272222161293,0.00012557581067085266,13.952941589057446,2026-09-23T21:41:45Z,100600,20000,1,0.25,243761152,25375,4955,1101,171573248,tail,True
100600,20000,1613733,0.4897959183673469,1.24,10046,504,0,245288960,e0aae2a4c29c88dda5057b05209a0081ca4142f85b1f23c641e95d621b108e23,29195624,db1e65c4de43ddb13d5ec92b0ceb33b3ad57092143ca1e044f77f3bbdfea3a99,200,57645800,9.952621385455132,9.669363498687744e-05,13.952877413481474,2026-09-23T21:42:31Z,100600,20000,4,0.5,245735424,50830,10046,1101,170393600,tail,True
100600,20000,3147508,,0.77,20000,600,0,190603264,088c5c96650558cc7d813b1d2764cd24d7628f93c594bd1a36846d5e1e5a920f,57644000,6d3f4d9824e9a526fc0c548eec88c777d16bf1b760229fd04bde72bc238fddaf,200,57645800,9.951961413025856,0.0001364573836326599,13.952157981693745,2026-09-23T21:45:21Z,100600,20000,1,1.0,190603264,100600,20000,1102,167772160,full,True
126,25,4558,,0.01999999999999999,25,3,0,173146112,554a7e13b9179982fd66698156c5443927d6e94299501a45724dce12e7d778ca,72422,1e5dbdef92a1e1dfd0754f9efd386ec4eb67d076240b83f080cffe2360a7f725,21,72441,9.950075525790453,0.00013172626495361328,13.950261641293764,2026-09-23T21:46:24Z,100600,20000,5,0.001,173146112,126,25,1102,171573248,head,True
1075,213,34993,,0.07,213,11,0,176816128,0b77052f631f12e73ee3059feb0006d26a8206f90eb685394141cbaf0a6c386f,618337,ade6388743a246a979d9784447d9174ebc6a8407eff2d94360e451161fcd949a,128,619009,9.950438842177391,0.0006262548267841339,13.950672123581171,2026-09-23T21:47:25Z,100600,20000,9,0.01,176816128,1075,213,1102,170524672,head,True
2701,537,86592,,0.12,537,17,0,181534720,84ccbdad19264a3b2c6acc9c7380c325918067df37a492cca33c704a04724b47,1549369,272de661782dc09156899ab0b19fd216c5dbf1009424048e48af74a6c25caff4,187,1550942,9.950482480227947,0.0003627575933933258,13.950723361223936,2026-09-23T21:47:40Z,100600,20000,10,0.025,181534720,2701,537,1102,171442176,head,True
5204,1035,165655,,0.15,1035,33,0,181403648,7bec3099d2668d67b1ae6c48aea8d33190fe5c42eb0f4721e32c89d7a7361d85,2982256,6fca3b6eaf535fa4ac521514d661b43d8ed7618e43cdf537db469aa21c4a1009,199,2984057,9.950899988412857,9.777024388313293e-05,13.951097190380096,2026-09-23T21:48:25Z,100600,20000,13,0.05,181403648,5204,1035,1102,171311104,head,True
10039,1999,318076,,0.19,1999,53,0,183631872,36f56b1f32ae5ab6c83688822b722a7b7d660cff376d97865503ac550f5ec5d7,5748785,07b0f6deb1a2c7f9ad2a0bfb86fde18069c28c9c5b54f065fb87da81b0d0da67,200,5750605,9.950636833906174,0.00036120787262916565,13.950858298689127,2026-09-23T21:45:37Z,100600,20000,2,0.1,183631872,10039,1999,1102,172228608,head,True
25154,5002,794955,,0.31,5002,148,0,187432960,4aac93c1ae60b5c5f8e5dcaad2aed6ff9ed5118410df3132e4beaaa572c39cb7,14410860,5cb53c90fd594638c2c0decee633c9afba4faf556bac84082a32801eabb8c5b7,200,14412680,9.951418746262789,0.00010447204113006592,13.951629638671875,2026-09-23T21:46:55Z,100600,20000,7,0.25,187432960,25154,5002,1102,171180032,head,True
50471,10034,1590665,,0.46,10034,301,0,189136896,1e432b2509a13797269550e112380b2fed89693c4704370da0546c317561aae7,28918882,9959b0e8f519109af344fa2b515e35d04d4cbc1a7fc2f7e75cacd8389249ed98,200,28920682,9.951394960284233,0.00010411813855171204,13.951617628335953,2026-09-23T21:45:53Z,100600,20000,3,0.5,189136896,50471,10034,1102,172097536,head,True
100600,20000,82299,0.0,1.0999999999999999,400,400,0,239153152,e02404589760fc2dd3e04aa7cf7967a613939ed9b1b0c9ae536da910ff2ab21f,1625620,135ad98afe2743a77103b42667485fc0b9ac5ada832f3cb2f5156ea7753bcefd,200,57645800,9.95288160443306,0.00011359155178070068,13.953100569546223,2026-09-23T21:47:10Z,100600,20000,8,0.02,239153152,2600,400,1102,170262528,tail,True
100600,20000,101141,0.005102040816326532,1.13,513,400,0,240771072,d293544d8fafe43c6ad8b0254c2582cecec54f6239d9cfbe74461a6af9b85c63,1948574,977dc1db361fbde28a0c1bfc9bb107eee68aa77c98c533eeb92c86bc9033187b,200,57645800,9.952776595950127,0.00011319667100906372,13.95301854237914,2026-09-23T21:46:09Z,100600,20000,4,0.025,241172480,3165,513,1102,171573248,tail,True
100600,20000,185011,0.030612244897959186,1.13,1023,403,0,244822016,bce2e49224acdf1356f53cec2fd683e44045da880cb76d6c8c89ac267130438f,3406291,3ae71c9f188d3bb476243db790b5548bf5290586621d89d1a149b0fa84408229,200,57645800,9.952659279108047,0.002361748367547989,13.95292903855443,2026-09-23T21:47:55Z,100600,20000,11,0.05,244822016,5715,1023,1102,172097536,tail,True
100600,20000,351364,0.0816326530612245,1.15,2047,408,0,241811456,90908f4e7c9cc6f73a509ed4a1fbe32f0891fdaf00a93715f7d2c663d25e417c,6333098,c64c96cd340554d0291f6df6e73d4fbb724994b25a1f8125ac17148b69c706f9,200,57645800,9.952584210783243,9.93087887763977e-05,13.952831625938416,2026-09-23T21:48:10Z,100600,20000,12,0.1,245334016,10835,2047,1102,170524672,tail,True
100600,20000,828414,0.23469387755102042,1.17,5038,443,0,239792128,50d8aa124fc8a986dd17088ad20476ca59a738707c81734e4709e39a06452be4,14881861,e7848532022550eef2e72c9cee8671969cd3dc7b2c21b784b8ba4377c87f8ed8,200,57645800,9.952214904129505,0.003300897777080536,13.952380526810884,2026-09-23T21:45:05Z,100600,20000,0,0.25,246153216,25790,5038,1102,173408256,tail,True
100600,20000,1621907,0.4897959183673469,1.25,10099,496,0,220090368,e2e19287ff51dcce01eab37989e12fb5c342ad1a252340534c47a87100f57f55,29347086,b6f3373922eff6132b8d1ae9a97cbe86f645eb7679bf1e3e44f4e7d3936deea5,200,57645800,9.952447216957808,0.0005596168339252472,13.952711641788483,2026-09-23T21:46:39Z,100600,20000,6,0.5,246808576,51095,10099,1102,171573248,tail,True
100600,20000,3146007,,0.78,20000,600,0,192917504,be9e9a6d09b9b1a474e9eb5f2b7c67bf9341899c71842cc2e796fa8a236b8672,57644020,8dc0cd25d9ae3bca561ef8ca255dcd5a489a141d8a1a2bf0fed89b871458baa5,200,57645800,9.951874312013388,0.00010387599468231201,13.9520980194211,2026-09-23T21:48:43Z,100600,20000,0,1.0,192917504,100600,20000,1103,169213952,full,True
85,17,3132,,0.01999999999999999,17,0,0,172621824,e0febec5b2f5d702e0188e79e8b72694c03236d718a839bab2e902253f9fcbc6,48926,a5912c85dee52b7831db9d7b7e001686578017633035d57ff0358f7ed69262fa,17,48909,9.950536120682955,0.00032969191670417786,13.950728189200163,2026-09-23T21:52:03Z,100600,20000,13,0.001,172621824,85,17,1103,171311104,head,True
1051,209,34023,,0.07,209,5,0,176029696,b893565fd11628ba4d9ebf4cb59c01269c5a94e140b3054949555459469bc701,603843,1a95919f908fd264ab0512bea20f825fad63dc3032e45c0bec1e0f87cc8b167d,130,604613,9.950568992644548,0.00014023110270500183,13.950825899839401,2026-09-23T21:49:46Z,100600,20000,4,0.01,176029696,1051,209,1103,169476096,head,True
2654,527,85100,,0.11000000000000001,527,18,0,179306496,4808dc6262f2cee3a75db1e6d7d4843d87fe060a60c1828cb91e542df0121789,1523809,d1c4ee7bae50a475be33638b0fc5811d4302568c9d46c248be2259710ccb62b1,189,1525440,9.950637761503458,0.0001677386462688446,13.950922574847937,2026-09-23T21:51:17Z,100600,20000,10,0.025,179306496,2654,527,1103,169869312,head,True
5208,1035,165717,,0.13,1035,32,0,182059008,903ecc87b9ac2d2aecc8f9d19a7191df8a3c69773450afc767fe78b1b0fa35ac,2987149,94a2990d85f417fe7f566e4a14facc5f4aa76ae3e11469828a2612345f0aa388,198,2988931,9.950611755251884,0.0001268424093723297,13.950835682451725,2026-09-23T21:51:48Z,100600,20000,12,0.05,182059008,5208,1035,1103,170524672,head,True
10500,2087,333526,,0.19,2087,61,0,182321152,524f6260cb0374bae55304c493a962f74d077fa84397fc5d43f514b75ac155af,6019684,49a3ecf2170afc00bd40e95378dab356c95326e110d6b0d7b95d0c2010535f08,200,6021504,9.950596988201141,0.00011425837874412537,13.950839344412088,2026-09-23T21:49:16Z,100600,20000,2,0.1,182321152,10500,2087,1103,170524672,head,True
25753,5121,814229,,0.27999999999999997,5121,140,0,187564032,6cd079519a9615f4ac6326f745c648b047134059259730fe7a51929452dfe08e,14758374,7d39966b132c11caee09963c372564aaa976c0d578671221fb94a248a6d561b1,200,14760194,9.951194487512112,0.0007892251014709473,13.951397456228733,2026-09-23T21:51:02Z,100600,20000,9,0.25,187564032,25753,5121,1103,171180032,head,True
50292,9999,1584969,,0.47000000000000003,9999,292,0,187432960,be89ed2dd848672d2f0db372b214b13fed230ec08d3d2087bb699dfd438d490b,28818365,b801960fd864669062f73809c57063ebffdd749876a44e825319c26ecb313200,200,28820165,9.951632589101791,0.00012876465916633606,13.95185736939311,2026-09-23T21:49:00Z,100600,20000,1,0.5,187432960,50292,9999,1103,169476096,head,True
100600,20000,82215,0.0,1.0899999999999999,400,400,0,239153152,a0e2d3dff68c75b2675f32234a55b88a63fe1c6457ab4cd6eabe293641ad5a28,1625620,4fde4f748ae3839c54e4e2661d9640270bb0703733faf3202afa55d8b4dbbfb0,200,57645800,9.952688951045275,0.0001940801739692688,13.952934328466654,2026-09-23T21:49:31Z,100600,20000,3,0.02,244105216,2600,400,1103,171048960,tail,True
100600,20000,99717,0.005102040816326532,1.1199999999999999,505,400,0,244707328,d60f1de98d818dde347f4ade5aabc9f6b261599090b0ef03e6eedf9764c26796,1925710,1b48caae6e7f1670b4b250718aac3fd48ea14e20ce34dbeba709b5e5729ce5c4,200,57645800,9.952387019991875,0.00029117241501808167,13.952594190835953,2026-09-23T21:50:01Z,100600,20000,5,0.025,245899264,3125,505,1103,171311104,tail,True
100600,20000,183226,0.030612244897959186,1.0799999999999998,1010,405,0,242020352,3827e2a86700fecd740e90217a890cfd6f52cfaade97162dda87a323321e10ca,3369155,0ba5c3b76eed4c016fbf9c80fed3e2525b085c65e1e03ef8ac075d16c82558cc,200,57645800,9.95264420285821,0.00012875348329544067,13.95285352692008,2026-09-23T21:50:31Z,100600,20000,7,0.05,244166656,5650,1010,1103,173670400,tail,True
100600,20000,354966,0.0816326530612245,1.14,2067,413,0,247296000,727ca00a2c6ad985065c4cfbc57e7c481ee8f9d747f63069b1860031d26f600e,6390233,8527eecd09d366f305116d421b01d0d521a2fc2e23147a82ad911a34aa41a66b,200,57645800,9.954571399837732,9.17576253414154e-05,13.954750146716833,2026-09-23T21:50:16Z,100600,20000,6,0.1,247296000,10935,2067,1103,170655744,tail,True
100600,20000,834949,0.23469387755102042,1.13,5084,437,0,237277184,d6146afacbf7674f79e11f987f711a887417e2077457e5556c28bb2fe1bf8e70,15013395,cd6215842135c24371b794e1a2fe00f8de8631b7fd59deb75a90820b5ce4c7a6,200,57645800,9.952331140637398,9.878724813461304e-05,13.952603049576283,2026-09-23T21:50:47Z,100600,20000,8,0.25,241766400,26020,5084,1103,170524672,tail,True
100600,20000,1609462,0.4897959183673469,1.23,10024,487,0,242581504,c00620ed627792497442471d80f75e84508e4a572c03e2757f7e487a3b3280e1,29132765,9aff56bf937a2a11c012aa94597e8a934ca612fdd6f0599e0e7b302caff6aef5,200,57645800,9.952765457332134,0.0001677386462688446,13.953018762171268,2026-09-23T21:51:32Z,100600,20000,11,0.5,247955456,50720,10024,1103,172490752,tail,True
100600,20000,3146293,,0.74,20000,600,0,189300736,6c6fa12a9c4a4e36958bd59957597ce8696af1cdd52e011b8714fc46a455589f,57644000,6d6bc651db916184ec33fedddb5e4879684e78fc9962ab273705a665754b56a6,200,57645800,9.951778527349234,0.0002547316253185272,13.951995480805635,2026-09-23T21:54:21Z,100600,20000,8,1.0,195166208,100600,20000,1104,169869312,full,True
66,13,2579,,0.03,13,1,0,174718976,149ba2f526eb4d51ed01033ff4b8036bbe35d08f48f4a7098c40ec6a8f50ab91,37988,b08e7ebeeb2da37bc594446753e72ad85ec1c70a6311309f579f56bd37a4c895,13,37995,9.950067095458508,9.28640365600586e-05,13.950283546000719,2026-09-23T21:55:41Z,100600,20000,13,0.001,174718976,66,13,1104,173408256,head,True
1037,206,33783,,0.08000000000000002,206,8,0,176160768,99fdbbe93c33d8ab7b0c06411954171bae920659b8e9966e05b31eb0e06e57e4,595353,8b89b6b60bcf2d868457c43ad66f34ce5a0d716275808cd682f28357b67ad5e2,136,596117,9.950684517621994,9.679794311523438e-05,13.95091262087226,2026-09-23T21:53:36Z,100600,20000,5,0.01,176160768,1037,206,1104,169476096,head,True
2441,485,78272,,0.1,485,17,0,179830784,5d3e72f01beda54e05a7e0a65b7bf158f2467fe5fcc2d711b2432df983695380,1400733,18c7cea8c0979a363cd3d3066c0a6379abc87dbd4deb9174c047242bd59ba178,185,1402288,9.950590874999762,0.00011023133993148804,13.950834907591343,2026-09-23T21:52:50Z,100600,20000,2,0.025,179830784,2441,485,1104,170655744,head,True
5013,995,160049,,0.13,995,36,0,182452224,a5de9435a0c525f6863275fe5f40f8a4cf7a38cdf59fee3524fdbb0f24f88097,2877056,fe98d87115c6cf1d2ff37115efa2f39699c6416597ce397fe02995c7b15f4b2e,197,2878819,9.950577355921268,0.00012582167983055115,13.950759150087833,2026-09-23T21:53:05Z,100600,20000,3,0.05,182452224,5013,995,1104,170262528,head,True
10246,2036,325879,,0.16,2036,65,0,182845440,15fd6d539263d5195377d396378e0d19e39ed2f75ff3c459f0b37bc06381d2e1,5875145,9b5221b999f57d79f0f4f223437749d34149d6d70fe07cf2d28e34fa7282fea5,200,5876965,9.950628567487001,0.002301689237356186,13.950832579284906,2026-09-23T21:52:36Z,100600,20000,1,0.1,182845440,10246,2036,1104,171180032,head,True
25432,5056,803932,,0.27,5056,154,0,187170816,d12e7941fbae776cf55482c0b192e974bc2d56fbf7bb140802a95f87312ac0f0,14573086,103aa089d1cb1b6a76a8d8655e386fe80623e63e34f394d19388b317d8153f40,200,14574906,9.950946751981974,0.00014814361929893494,13.951152119785547,2026-09-23T21:55:09Z,100600,20000,11,0.25,187170816,25432,5056,1104,170393600,head,True
50226,9986,1582752,,0.44,9986,283,0,188874752,100a1e70d8068cc7fa6be8ff16f12ce68a242d27c6903cbf578bf356cc55582b,28779997,43c5ca0405bd2787d77755c622a3f35f856d397d4b395860818554a840a91f9e,200,28781797,9.951496191322803,0.00012972578406333923,13.95173741132021,2026-09-23T21:53:20Z,100600,20000,4,0.5,188874752,50226,9986,1104,171966464,head,True
100600,20000,82446,0.0,1.0799999999999998,400,400,0,242569216,956690a154a841c62e9843928c144f40ee86b183d95c0440b7e204072be7ddd8,1625620,bbf3586fa6de3463d755e2f45396ffcbd29577204176774377732fc21b3c96fb,200,57645800,9.952433064579964,0.00014094635844230652,13.952667582780123,2026-09-23T21:54:39Z,100600,20000,9,0.02,244420608,2600,400,1104,171704320,tail,True
100600,20000,98426,0.005102040816326532,1.13,496,401,0,243798016,b263fd069b6ff7321509dd2da81bbc19440403d1f2540b262da9c4f66dc2a4d8,1899987,35265bd8141ff8c5bed0c66fc30fa932bc4060b45d3d92e3c14e89b24f0e39ca,200,57645800,9.952351581305265,0.0007358081638813019,13.952606983482838,2026-09-23T21:54:06Z,100600,20000,7,0.025,243798016,3080,496,1104,171311104,tail,True
100600,20000,179280,0.030612244897959186,1.0799999999999998,987,408,0,240349184,cccfd5434422ce8b4214ed81387116f3baf7fc55faff40042317d626e4512c48,3303378,0289a967255e0e71243c7122b329e0e0a36865a310d56e69bf85b4322ca768a6,200,57645800,9.952231269329786,0.0001391097903251648,13.95249930024147,2026-09-23T21:53:51Z,100600,20000,6,0.05,240349184,5535,987,1104,170393600,tail,True
100600,20000,334251,0.0816326530612245,1.0999999999999999,1938,414,0,240836608,f471de4ba3a3cec97c8e49d9d98732c88f3ce693818428eb718e562a59bc03a3,6021490,cdfcdff0b36617abc1ff9eb590039a018c28ffd0467951c96743fe8579aeedcc,200,57645800,9.952468033879995,8.713826537132263e-05,13.95269487798214,2026-09-23T21:54:54Z,100600,20000,10,0.1,242987008,10290,1938,1104,170655744,tail,True
100600,20000,816033,0.23469387755102042,1.16,4966,444,0,248537088,9168f3ffd65bffe2aeb3f13a28e65f1640e0cde9c1a09660000daf29462e57b4,14676064,17dfdbd47fef28b40cadd9ac6ba8aebdbde05a1a2ce6ef1731aaf66f4fbe345a,200,57645800,9.952374126762152,0.00012422353029251099,13.952593758702278,2026-09-23T21:52:21Z,100600,20000,0,0.25,248537088,25430,4966,1104,171966464,tail,True
100600,20000,1602768,0.4897959183673469,1.21,9985,497,0,243982336,efccc84b30fbb41a8148d49f682477efe0f68350ee5995f34d900198988e7627,29021293,75f5e8ed12e37909ff51ec2de7b1a1a10b0c8420575668bf921dd6fe771f5c55,200,57645800,9.95249105617404,9.7617506980896e-05,13.952709816396236,2026-09-23T21:55:25Z,100600,20000,12,0.5,247836672,50525,9985,1104,171966464,tail,True
100600,20000,3147239,,0.8,20000,600,0,190164992,8a892f94556f56d0ba3d143397389987f61538f7f9bf3a3d76309bc4325390d6,57644000,71b5279355dd2a205a6006555abfe720636c0bc125587daa7d948ed61f24790b,200,57645800,9.95232018455863,0.003693714737892151,13.952581845223904,2026-09-23T21:57:15Z,100600,20000,5,1.0,193331200,100600,20000,1105,169738240,full,True
175,35,6042,,0.04000000000000001,35,0,0,172621824,5901b921bddc3bbf90114f8876f1952ea23389106496cb6acadce13ef9f2284b,100610,e78578854047b8fe86efb005464ed0e2552b36e9ddf76ea351c8258e1bd1f2b7,33,100657,9.950064774602652,0.00021161511540412903,13.950376626104116,2026-09-23T21:58:02Z,100600,20000,8,0.001,172621824,175,35,1105,170655744,head,True
1064,212,34443,,0.07999999999999999,212,4,0,176816128,e38dac0b4fe6b1dc4caaba382e1fcee17d0c54a17405fe3a323f4aaca99d18a8,610580,f3e197550f13d4733953e1cab543e305b190a1165f570105e8a8c2581cfade9b,126,611294,9.950451016426086,9.908527135848999e-05,13.950685307383537,2026-09-23T21:58:17Z,100600,20000,9,0.01,176816128,1064,212,1105,171048960,head,True
2547,507,81308,,0.10999999999999999,507,12,0,181534720,04dce89aa75c696da9aa2d9a7a88a9151119167a07fe016c025a9c02c6675c70,1460566,3650a833d7c400565c54fad8a7ed1defc23cf897c8118200c7158ce0fb296398,191,1462275,9.950714871287346,0.00012412667274475098,13.95096394047141,2026-09-23T21:57:48Z,100600,20000,7,0.025,181534720,2547,507,1105,171966464,head,True
5160,1027,164147,,0.14,1027,23,0,181403648,ed8edd66c7b166c4bb0582a2c15979f3612fb19687963bb4b030d3740502969e,2957650,f6b4f8e7468b0e6f33731c5dde14fc7c1f81f2c4f6ffa783945158bad9b67c58,200,2959470,9.950717464089394,0.00035084038972854614,13.950909402221441,2026-09-23T21:58:47Z,100600,20000,11,0.05,181403648,5160,1027,1105,169738240,head,True
10009,1991,317507,,0.16,1991,48,0,182452224,9575b86d5ff77dcd9d492f7b1e0c7ecbef217bb442a747cbcd3536b9d5ec26b0,5736900,2faa66c0c11f7991a33a1a34ff855009d2c13c4f0463af037471e5cb38d1f560,200,5738720,9.950802851468325,0.00045133382081985474,13.9509896337986,2026-09-23T21:56:14Z,100600,20000,1,0.1,182452224,10009,1991,1105,171442176,head,True
24996,4967,790738,,0.3,4967,147,0,187695104,b68ed37e4ebe3a4c5abc36badc745c1047d19b7ff2003dc595e0712b8472e02c,14329738,42ed770cdeeb8058d40f0dab593167813ecdbe1cd55e0bf93d7e4a1462266cd3,200,14331558,9.950753074139357,0.0003626197576522827,13.951018024235964,2026-09-23T21:59:02Z,100600,20000,12,0.25,187695104,24996,4967,1105,172097536,head,True
50097,9963,1578787,,0.43,9963,285,0,189468672,2c39d32b4afe1491cd671ede40cdf2a593c907fbc8133e66be7fa10416d30757,28702791,b7eb25f7ed985b5fa5f7f47fae2f66e2b252d3fecac365cb140824b945cfb6ec,200,28704591,9.95125637575984,0.002507217228412628,13.951465122401714,2026-09-23T21:55:58Z,100600,20000,0,0.5,189468672,50097,9963,1105,170131456,head,True
100600,20000,82322,0.0,1.1099999999999999,400,400,0,246222848,fe21218129ab77717eb5d425373c7586bdca2a1f9a912d751f7a2b400df2fd81,1625620,66540a9c1c9d263ba594c08eca20004e8885c65dee852b40ab7c9bb0b1aa31db,200,57645800,9.952205047011375,0.0005417726933956146,13.952414780855179,2026-09-23T21:56:44Z,100600,20000,3,0.02,246222848,2600,400,1105,173015040,tail,True
100600,20000,98232,0.005102040816326532,1.13,495,402,0,246571008,ea881f1dad1db513e79057f0f3c159103b8eb4f9ab47a29641c8de2813a84bac,1897128,2f0dbbe9a49bcffe860e75c221de1637424d9c0a95091f8128af84916135fbde,200,57645800,9.952373709529638,0.00012531131505966187,13.95259065553546,2026-09-23T21:56:29Z,100600,20000,2,0.025,246571008,3075,495,1105,171704320,tail,True
100600,20000,180935,0.030612244897959186,1.1199999999999999,998,404,0,240357376,17fb17e56261a224bb6dffb17916ad22af7e1f3b08b08251babc7f9fd656f35f,3334840,796d455633631c686d94938125561d03c7851caf4f86d22c9cbb18fc8ff3764f,200,57645800,9.95253524184227,0.00010473281145095825,13.952804878354073,2026-09-23T21:58:32Z,100600,20000,10,0.05,241041408,5590,998,1105,170131456,tail,True
100600,20000,346375,0.0816326530612245,1.14,2011,411,0,243240960,7e09df5dccf73ef8dce33773e10fc567ace715956c83b6c1d62e046fbda5f4f6,6230167,8fef69223e18d68eca934f1db9b43ccb36d3e3ea7974f02a807e495827729aca,200,57645800,9.954001981765032,0.000151902437210083,13.954259064048529,2026-09-23T21:57:33Z,100600,20000,6,0.1,243793920,10655,2011,1105,173146112,tail,True
100600,20000,818596,0.23469387755102042,1.16,4980,445,0,243392512,ccf271ffeb18068436b41e51442bc0b0838433eec1e443f46a77932975a70760,14716095,c4567bb5b1980d93196e3782ba523f6e52d168b319ef63946494a5ac31a408a7,200,57645800,9.952532928436995,9.005889296531677e-05,13.952778123319149,2026-09-23T21:56:59Z,100600,20000,4,0.25,243392512,25500,4980,1105,172621824,tail,True
100600,20000,1589950,0.4897959183673469,1.22,9895,492,0,245792768,cd1e22bd834febdb059ed4bee40b2c6bc0d71963a860a0b316bb11a1685766a4,28764038,5f1d6a81a932cccfdafa7d3febd18e1775556eda22777161cfe803c386118a0c,200,57645800,9.952465154230595,0.00010287389159202576,13.952644042670727,2026-09-23T21:59:17Z,100600,20000,13,0.5,245792768,50075,9895,1105,172621824,tail,True
