strategy,p,kind,m,k,successes,n,estimate,wilson_lo,wilson_hi,theory
full,1.0,error,1,1,100,100,1.0,0.9630065017930143,1,1.0
full,1.0,error,5,1,100,100,1.0,0.9630065017930143,1,1.0
full,1.0,error,5,3,100,100,1.0,0.9630065017930143,1,1.0
full,1.0,error,20,1,20,20,1.0,0.8388748419471806,1,1.0
full,1.0,error,20,3,20,20,1.0,0.8388748419471806,1,1.0
full,1.0,latency,1,1,100,100,1.0,0.9630065017930143,1,1.0
full,1.0,latency,5,1,100,100,1.0,0.9630065017930143,1,1.0
full,1.0,latency,5,3,100,100,1.0,0.9630065017930143,1,1.0
full,1.0,latency,20,1,20,20,1.0,0.8388748419471806,1,1.0
full,1.0,latency,20,3,20,20,1.0,0.8388748419471806,1,1.0
full,1.0,semantic,1,1,100,100,1.0,0.9630065017930143,1,1.0
full,1.0,semantic,5,1,100,100,1.0,0.9630065017930143,1,1.0
full,1.0,semantic,5,3,100,100,1.0,0.9630065017930143,1,1.0
full,1.0,semantic,20,1,20,20,1.0,0.8388748419471806,1,1.0
full,1.0,semantic,20,3,20,20,1.0,0.8388748419471806,1,1.0
head,0.001,error,1,1,0,100,0.0,3.469446951953614e-18,0.03699349820698568,0.001
head,0.001,error,5,1,0,100,0.0,3.469446951953614e-18,0.03699349820698568,0.004990009995001
head,0.001,error,5,3,0,100,0.0,3.469446951953614e-18,0.03699349820698568,9.985006e-09
head,0.001,error,20,1,0,20,0.0,0,0.16112515805281938,0.01981113517046532
head,0.001,error,20,3,0,20,0.0,0,0.16112515805281938,1.1255576375601596e-06
head,0.001,latency,1,1,0,100,0.0,3.469446951953614e-18,0.03699349820698568,0.001
head,0.001,latency,5,1,2,100,0.02,0.00550196755016235,0.07001179072854388,0.004990009995001
head,0.001,latency,5,3,0,100,0.0,3.469446951953614e-18,0.03699349820698568,9.985006e-09
head,0.001,latency,20,1,1,20,0.05,0.008881448800795402,0.23613119344674205,0.01981113517046532
head,0.001,latency,20,3,0,20,0.0,0,0.16112515805281938,1.1255576375601596e-06
head,0.001,semantic,1,1,1,100,0.01,0.0017674320641406505,0.054486196178705315,0.001
head,0.001,semantic,5,1,1,100,0.01,0.0017674320641406505,0.054486196178705315,0.004990009995001
head,0.001,semantic,5,3,0,100,0.0,3.469446951953614e-18,0.03699349820698568,9.985006e-09
head,0.001,semantic,20,1,0,20,0.0,0,0.16112515805281938,0.01981113517046532
head,0.001,semantic,20,3,0,20,0.0,0,0.16112515805281938,1.1255576375601596e-06
head,0.01,error,1,1,2,100,0.02,0.00550196755016235,0.07001179072854388,0.01
head,0.01,error,5,1,4,100,0.04,0.01566330399154762,0.0983707143588792,0.0490099501
head,0.01,error,5,3,0,100,0.0,3.469446951953614e-18,0.03699349820698568,9.850600000000002e-06
head,0.01,error,20,1,2,20,0.1,0.027866481213768224,0.3010336452284873,0.18209306240276912
head,0.01,error,20,3,0,20,0.0,0,0.16112515805281938,0.0010035761681001167
head,0.01,latency,1,1,2,100,0.02,0.00550196755016235,0.07001179072854388,0.01
head,0.01,latency,5,1,6,100,0.06,0.027786123963188192,0.1247681544589592,0.0490099501
head,0.01,latency,5,3,0,100,0.0,3.469446951953614e-18,0.03699349820698568,9.850600000000002e-06
head,0.01,latency,20,1,5,20,0.25,0.11186170140766569,0.468700877618744,0.18209306240276912
head,0.01,latency,20,3,0,20,0.0,0,0.16112515805281938,0.0010035761681001167
head,0.01,semantic,1,1,1,100,0.01,0.0017674320641406505,0.054486196178705315,0.01
head,0.01,semantic,5,1,5,100,0.05,0.02154367915436796,0.11175046923191913,0.0490099501
head,0.01,semantic,5,3,0,100,0.0,3.469446951953614e-18,0.03699349820698568,9.850600000000002e-06
head,0.01,semantic,20,1,4,20,0.2,0.08065766257979806,0.41601743225189364,0.18209306240276912
head,0.01,semantic,20,3,0,20,0.0,0,0.16112515805281938,0.0010035761681001167
head,0.025,error,1,1,6,100,0.06,0.027786123963188192,0.1247681544589592,0.025
head,0.025,error,5,1,9,100,0.09,0.04807254000256516,0.1622621285271631,0.118904306640625
head,0.025,error,5,3,0,100,0.0,3.469446951953614e-18,0.03699349820698568,0.00015044921875000003
head,0.025,error,20,1,9,20,0.45,0.2581978582556243,0.6579146575496577,0.39731231978089954
head,0.025,error,20,3,0,20,0.0,0,0.16112515805281938,0.012955285058659317
head,0.025,latency,1,1,3,100,0.03,0.010254524024038925,0.0845193642905276,0.025
head,0.025,latency,5,1,10,100,0.1,0.0552291370606751,0.17436566150491345,0.118904306640625
head,0.025,latency,5,3,0,100,0.0,3.469446951953614e-18,0.03699349820698568,0.00015044921875000003
head,0.025,latency,20,1,6,20,0.3,0.1454772448676043,0.5189728183535235,0.39731231978089954
head,0.025,latency,20,3,0,20,0.0,0,0.16112515805281938,0.012955285058659317
head,0.025,semantic,1,1,2,100,0.02,0.00550196755016235,0.07001179072854388,0.025
head,0.025,semantic,5,1,13,100,0.13,0.07757167427240512,0.20980351440076428,0.118904306640625
head,0.025,semantic,5,3,0,100,0.0,3.469446951953614e-18,0.03699349820698568,0.00015044921875000003
head,0.025,semantic,20,1,7,20,0.35,0.18119182410108206,0.5671457233147638,0.39731231978089954
head,0.025,semantic,20,3,1,20,0.05,0.008881448800795402,0.23613119344674205,0.012955285058659317
head,0.05,error,1,1,6,100,0.06,0.027786123963188192,0.1247681544589592,0.05
head,0.05,error,5,1,20,100,0.2,0.1333669333310325,0.2888291655931589,0.22621906249999996
head,0.05,error,5,3,1,100,0.01,0.0017674320641406505,0.054486196178705315,0.001158125
head,0.05,error,20,1,12,20,0.6,0.3865815007622531,0.781193467627183,0.6415140775914577
head,0.05,error,20,3,2,20,0.1,0.027866481213768224,0.3010336452284873,0.07548367378849626
head,0.05,latency,1,1,6,100,0.06,0.027786123963188192,0.1247681544589592,0.05
head,0.05,latency,5,1,16,100,0.16,0.10095288488804782,0.24420269389270244,0.22621906249999996
head,0.05,latency,5,3,1,100,0.01,0.0017674320641406505,0.054486196178705315,0.001158125
head,0.05,latency,20,1,11,20,0.55,0.34208534245034233,0.7418021417443759,0.6415140775914577
head,0.05,latency,20,3,1,20,0.05,0.008881448800795402,0.23613119344674205,0.07548367378849626
head,0.05,semantic,1,1,6,100,0.06,0.027786123963188192,0.1247681544589592,0.05
head,0.05,semantic,5,1,26,100,0.26,0.18404698464748132,0.3537098944918718,0.22621906249999996
head,0.05,semantic,5,3,0,100,0.0,3.469446951953614e-18,0.03699349820698568,0.001158125
head,0.05,semantic,20,1,10,20,0.5,0.2992980081982123,0.7007019918017877,0.6415140775914577
head,0.05,semantic,20,3,2,20,0.1,0.027866481213768224,0.3010336452284873,0.07548367378849626
head,0.1,error,1,1,9,100,0.09,0.04807254000256516,0.1622621285271631,0.1
head,0.1,error,5,1,34,100,0.34,0.25461520797348164,0.43722271145275377,0.40951000000000004
head,0.1,error,5,3,4,100,0.04,0.01566330399154762,0.0983707143588792,0.008560000000000002
head,0.1,error,20,1,15,20,0.75,0.531299122381256,0.8881382985923343,0.8784233454094308
head,0.1,error,20,3,6,20,0.3,0.1454772448676043,0.5189728183535235,0.32307319481053404
head,0.1,latency,1,1,8,100,0.08,0.041093461484380624,0.14998107700948735,0.1
head,0.1,latency,5,1,34,100,0.34,0.25461520797348164,0.43722271145275377,0.40951000000000004
head,0.1,latency,5,3,2,100,0.02,0.00550196755016235,0.07001179072854388,0.008560000000000002
head,0.1,latency,20,1,18,20,0.9,0.6989663547715128,0.9721335187862319,0.8784233454094308
head,0.1,latency,20,3,5,20,0.25,0.11186170140766569,0.468700877618744,0.32307319481053404
head,0.1,semantic,1,1,11,100,0.11,0.06254196357064568,0.18631296503080313,0.1
head,0.1,semantic,5,1,48,100,0.48,0.384645517580519,0.5768342223477603,0.40951000000000004
head,0.1,semantic,5,3,0,100,0.0,3.469446951953614e-18,0.03699349820698568,0.008560000000000002
head,0.1,semantic,20,1,16,20,0.8,0.5839825677481064,0.919342337420202,0.8784233454094308
head,0.1,semantic,20,3,5,20,0.25,0.11186170140766569,0.468700877618744,0.32307319481053404
head,0.25,error,1,1,26,100,0.26,0.18404698464748132,0.3537098944918718,0.25
head,0.25,error,5,1,75,100,0.75,0.656955364519384,0.8245478863771232,0.7626953125
head,0.25,error,5,3,9,100,0.09,0.04807254000256516,0.1622621285271631,0.103515625
head,0.25,error,20,1,20,20,1.0,0.8388748419471806,1,0.996828788061066
head,0.25,error,20,3,16,20,0.8,0.5839825677481064,0.919342337420202,0.9087395675351218
head,0.25,latency,1,1,23,100,0.23,0.15843265880303448,0.3215438302287378,0.25
head,0.25,latency,5,1,75,100,0.75,0.656955364519384,0.8245478863771232,0.7626953125
head,0.25,latency,5,3,10,100,0.1,0.0552291370606751,0.17436566150491345,0.103515625
head,0.25,latency,20,1,20,20,1.0,0.8388748419471806,1,0.996828788061066
head,0.25,latency,20,3,19,20,0.95,0.763868806553258,0.9911185511992047,0.9087395675351218
head,0.25,semantic,1,1,24,100,0.24,0.16691325556948772,0.33232336349814473,0.25
head,0.25,semantic,5,1,77,100,0.77,0.6784561697712622,0.8415673411969654,0.7626953125
head,0.25,semantic,5,3,9,100,0.09,0.04807254000256516,0.1622621285271631,0.103515625
head,0.25,semantic,20,1,20,20,1.0,0.8388748419471806,1,0.996828788061066
head,0.25,semantic,20,3,18,20,0.9,0.6989663547715128,0.9721335187862319,0.9087395675351218
head,0.5,error,1,1,49,100,0.49,0.3942199893044113,0.5865198806597283,0.5
head,0.5,error,5,1,97,100,0.97,0.9154806357094724,0.9897454759759611,0.96875
head,0.5,error,5,3,46,100,0.46,0.36560808309024106,0.5573513967663177,0.5
head,0.5,error,20,1,20,20,1.0,0.8388748419471806,1,0.9999990463256836
head,0.5,error,20,3,20,20,1.0,0.8388748419471806,1,0.9997987747192383
head,0.5,latency,1,1,50,100,0.5,0.4038315303659956,0.5961684696340044,0.5
head,0.5,latency,5,1,97,100,0.97,0.9154806357094724,0.9897454759759611,0.96875
head,0.5,latency,5,3,51,100,0.51,0.4134801193402717,0.6057800106955886,0.5
head,0.5,latency,20,1,20,20,1.0,0.8388748419471806,1,0.9999990463256836
head,0.5,latency,20,3,20,20,1.0,0.8388748419471806,1,0.9997987747192383
head,0.5,semantic,1,1,51,100,0.51,0.4134801193402717,0.6057800106955886,0.5
head,0.5,semantic,5,1,95,100,0.95,0.8882495307680808,0.9784563208456319,0.96875
head,0.5,semantic,5,3,47,100,0.47,0.3751081795934127,0.5671114302990063,0.5
head,0.5,semantic,20,1,20,20,1.0,0.8388748419471806,1,0.9999990463256836
head,0.5,semantic,20,3,20,20,1.0,0.8388748419471806,1,0.9997987747192383
tail,0.02,error,1,1,100,100,1.0,0.9630065017930143,1,1.0
tail,0.02,error,5,1,100,100,1.0,0.9630065017930143,1,1.0
tail,0.02,error,5,3,100,100,1.0,0.9630065017930143,1,1.0
tail,0.02,error,20,1,20,20,1.0,0.8388748419471806,1,1.0
tail,0.02,error,20,3,20,20,1.0,0.8388748419471806,1,1.0
tail,0.02,latency,1,1,100,100,1.0,0.9630065017930143,1,1.0
tail,0.02,latency,5,1,100,100,1.0,0.9630065017930143,1,1.0
tail,0.02,latency,5,3,100,100,1.0,0.9630065017930143,1,1.0
tail,0.02,latency,20,1,20,20,1.0,0.8388748419471806,1,1.0
tail,0.02,latency,20,3,20,20,1.0,0.8388748419471806,1,1.0
tail,0.02,semantic,1,1,0,100,0.0,3.469446951953614e-18,0.03699349820698568,0.0
tail,0.02,semantic,5,1,0,100,0.0,3.469446951953614e-18,0.03699349820698568,0.0
tail,0.02,semantic,5,3,0,100,0.0,3.469446951953614e-18,0.03699349820698568,0.0
tail,0.02,semantic,20,1,0,20,0.0,0,0.16112515805281938,0.0
tail,0.02,semantic,20,3,0,20,0.0,0,0.16112515805281938,0.0
tail,0.025,error,1,1,100,100,1.0,0.9630065017930143,1,1.0
tail,0.025,error,5,1,100,100,1.0,0.9630065017930143,1,1.0
tail,0.025,error,5,3,100,100,1.0,0.9630065017930143,1,1.0
tail,0.025,error,20,1,20,20,1.0,0.8388748419471806,1,1.0
tail,0.025,error,20,3,20,20,1.0,0.8388748419471806,1,1.0
tail,0.025,latency,1,1,100,100,1.0,0.9630065017930143,1,1.0
tail,0.025,latency,5,1,100,100,1.0,0.9630065017930143,1,1.0
tail,0.025,latency,5,3,100,100,1.0,0.9630065017930143,1,1.0
tail,0.025,latency,20,1,20,20,1.0,0.8388748419471806,1,1.0
tail,0.025,latency,20,3,20,20,1.0,0.8388748419471806,1,1.0
tail,0.025,semantic,1,1,0,100,0.0,3.469446951953614e-18,0.03699349820698568,0.005102040816326532
tail,0.025,semantic,5,1,1,100,0.01,0.0017674320641406505,0.054486196178705315,0.025251220595243425
tail,0.025,semantic,5,3,0,100,0.0,3.469446951953614e-18,0.03699349820698568,1.3179597750350168e-06
tail,0.025,semantic,20,1,3,20,0.15,0.052368745896216595,0.36041886474075696,0.09724313411855043
tail,0.025,semantic,20,3,0,20,0.0,0,0.16112515805281938,0.00014186964898751253
tail,0.05,error,1,1,100,100,1.0,0.9630065017930143,1,1.0
tail,0.05,error,5,1,100,100,1.0,0.9630065017930143,1,1.0
tail,0.05,error,5,3,100,100,1.0,0.9630065017930143,1,1.0
tail,0.05,error,20,1,20,20,1.0,0.8388748419471806,1,1.0
tail,0.05,error,20,3,20,20,1.0,0.8388748419471806,1,1.0
tail,0.05,latency,1,1,100,100,1.0,0.9630065017930143,1,1.0
tail,0.05,latency,5,1,100,100,1.0,0.9630065017930143,1,1.0
tail,0.05,latency,5,3,100,100,1.0,0.9630065017930143,1,1.0
tail,0.05,latency,20,1,20,20,1.0,0.8388748419471806,1,1.0
tail,0.05,latency,20,3,20,20,1.0,0.8388748419471806,1,1.0
tail,0.05,semantic,1,1,1,100,0.01,0.0017674320641406505,0.054486196178705315,0.030612244897959186
tail,0.05,semantic,5,1,10,100,0.1,0.0552291370606751,0.17436566150491345,0.14397263539096838
tail,0.05,semantic,5,3,0,100,0.0,3.469446951953614e-18,0.03699349820698568,0.0002738589496738528
tail,0.05,semantic,20,1,11,20,0.55,0.34208534245034233,0.7418021417443759,0.4630292962708221
tail,0.05,semantic,20,3,0,20,0.0,0,0.16112515805281938,0.022148086893181256
tail,0.1,error,1,1,100,100,1.0,0.9630065017930143,1,1.0
tail,0.1,error,5,1,100,100,1.0,0.9630065017930143,1,1.0
tail,0.1,error,5,3,100,100,1.0,0.9630065017930143,1,1.0
tail,0.1,error,20,1,20,20,1.0,0.8388748419471806,1,1.0
tail,0.1,error,20,3,20,20,1.0,0.8388748419471806,1,1.0
tail,0.1,latency,1,1,100,100,1.0,0.9630065017930143,1,1.0
tail,0.1,latency,5,1,100,100,1.0,0.9630065017930143,1,1.0
tail,0.1,latency,5,3,100,100,1.0,0.9630065017930143,1,1.0
tail,0.1,latency,20,1,20,20,1.0,0.8388748419471806,1,1.0
tail,0.1,latency,20,3,20,20,1.0,0.8388748419471806,1,1.0
tail,0.1,semantic,1,1,6,100,0.06,0.027786123963188192,0.1247681544589592,0.0816326530612245
tail,0.1,semantic,5,1,19,100,0.19,0.12514751509768735,0.27778845379064376,0.34674586303311833
tail,0.1,semantic,5,3,0,100,0.0,3.469446951953614e-18,0.03699349820698568,0.004795549361565483
tail,0.1,semantic,20,1,17,20,0.85,0.6395811352592431,0.9476312541037835,0.8178921466875946
tail,0.1,semantic,20,3,4,20,0.2,0.08065766257979806,0.41601743225189364,0.22075824743111452
tail,0.25,error,1,1,100,100,1.0,0.9630065017930143,1,1.0
tail,0.25,error,5,1,100,100,1.0,0.9630065017930143,1,1.0
tail,0.25,error,5,3,100,100,1.0,0.9630065017930143,1,1.0
tail,0.25,error,20,1,20,20,1.0,0.8388748419471806,1,1.0
tail,0.25,error,20,3,20,20,1.0,0.8388748419471806,1,1.0
tail,0.25,latency,1,1,100,100,1.0,0.9630065017930143,1,1.0
tail,0.25,latency,5,1,100,100,1.0,0.9630065017930143,1,1.0
tail,0.25,latency,5,3,100,100,1.0,0.9630065017930143,1,1.0
tail,0.25,latency,20,1,20,20,1.0,0.8388748419471806,1,1.0
tail,0.25,latency,20,3,20,20,1.0,0.8388748419471806,1,1.0
tail,0.25,semantic,1,1,16,100,0.16,0.10095288488804782,0.24420269389270244,0.23469387755102042
tail,0.25,semantic,5,1,64,100,0.64,0.5423540245160874,0.7272877959859567,0.737471813526041
tail,0.25,semantic,5,3,6,100,0.06,0.027786123963188192,0.1247681544589592,0.08803541978646068
tail,0.25,semantic,20,1,20,20,1.0,0.8388748419471806,1,0.995249889047015
tail,0.25,semantic,20,3,17,20,0.85,0.6395811352592431,0.9476312541037835,0.8812387815336802
tail,0.5,error,1,1,100,100,1.0,0.9630065017930143,1,1.0
tail,0.5,error,5,1,100,100,1.0,0.9630065017930143,1,1.0
tail,0.5,error,5,3,100,100,1.0,0.9630065017930143,1,1.0
tail,0.5,error,20,1,20,20,1.0,0.8388748419471806,1,1.0
tail,0.5,error,20,3,20,20,1.0,0.8388748419471806,1,1.0
tail,0.5,latency,1,1,100,100,1.0,0.9630065017930143,1,1.0
tail,0.5,latency,5,1,100,100,1.0,0.9630065017930143,1,1.0
tail,0.5,latency,5,3,100,100,1.0,0.9630065017930143,1,1.0
tail,0.5,latency,20,1,20,20,1.0,0.8388748419471806,1,1.0
tail,0.5,latency,20,3,20,20,1.0,0.8388748419471806,1,1.0
tail,0.5,semantic,1,1,43,100,0.43,0.33733298524110106,0.5278461045078768,0.4897959183673469
tail,0.5,semantic,5,1,96,100,0.96,0.9016292856411208,0.9843366960084523,0.9654283869663922
tail,0.5,semantic,5,3,45,100,0.45,0.3561453797951198,0.5475539700255787,0.48087265868734563
tail,0.5,semantic,20,1,20,20,1.0,0.8388748419471806,1,0.9999985715054991
tail,0.5,semantic,20,3,20,20,1.0,0.8388748419471806,1,0.9997210093099971
