strategy,target_trace_rate,n_blocks,retained_traces_mean,retained_traces_saving,retained_traces_saving_lo,retained_traces_saving_hi,retained_spans_mean,retained_spans_saving,retained_spans_saving_lo,retained_spans_saving_hi,ingress_payload_bytes_mean,ingress_payload_bytes_saving,ingress_payload_bytes_saving_lo,ingress_payload_bytes_saving_hi,export_json_bytes_mean,export_json_bytes_saving,export_json_bytes_saving_lo,export_json_bytes_saving_hi,archive_gzip_bytes_mean,archive_gzip_bytes_saving,archive_gzip_bytes_saving_lo,archive_gzip_bytes_saving_hi,collector_cpu_s_mean,collector_cpu_s_saving,collector_cpu_s_saving_lo,collector_cpu_s_saving_hi,peak_rss_bytes_mean,peak_rss_bytes_saving,peak_rss_bytes_saving_lo,peak_rss_bytes_saving_hi
full,1.0,5,20000,0.0,0.0,0.0,100600,0.0,0.0,0.0,57645800,0.0,0.0,0.0,57644008,0.0,0.0,0.0,3146853.2,0.0,0.0,0.0,0.766,0.0,0.0,0.0,193069056,0.0,0.0,0.0
head,0.001,5,22.8,0.99886,0.9983361413852674,0.9993838586147326,114.6,0.9988608349900596,0.998342402363317,0.9993792676168023,65925,0.9988563780882562,0.998336289137611,0.9993764670389015,65914.4,0.998856526407371,0.9983368311817928,0.9993762216329491,4135.6,0.998685855116144,0.998153197080503,0.9992185131517851,0.026,0.9661634761634761,0.9525396986411054,0.9797872536858467,173041254.4,0.10369829427055699,0.0949377393378199,0.11245884920329408
head,0.01,5,207.4,0.98963,0.9892310218436206,0.9900289781563795,1043.4,0.9896282306163022,0.9892201219827785,0.9900363392498259,600128.2,0.9895893855233165,0.9891794482054734,0.9899993228411597,599413,0.9896014690406963,0.9891918068687281,0.9900111312126646,33904.2,0.9892260043987001,0.9888246542692486,0.9896273545281516,0.07400000000000001,0.9033289233289233,0.8939671194919702,0.9126907271658765,176055910.4,0.08805714845494184,0.07514498684657954,0.10096931006330413
head,0.025,5,510.2,0.97449,0.9731452142604702,0.9758347857395298,2566.6,0.9744870775347912,0.9731388344849226,0.9758353205846599,1474476.4,0.9744217896186713,0.9730742032258825,0.9757693760114602,1472890.8,0.9744485012311322,0.9731015139774933,0.9757954884847712,82234.6,0.9738677000911931,0.9724848531455326,0.9752505470368535,0.11,0.8563692838692839,0.8457805987284458,0.866957969010122,180669644.8,0.06415116021802063,0.049793736870513555,0.0785085835655277
head,0.05,5,1014.6,0.9492700000000001,0.9477181683549148,0.9508218316450853,5103,0.9492743538767395,0.9477314814477932,0.9508172263056859,2927969.6,0.949207581471677,0.947678796533956,0.9507363664093981,2926183.8,0.9492369822260546,0.9477085327203324,0.9507654317317767,162494,0.9483630027693416,0.9468293254163289,0.9498966801223543,0.136,0.8224353574353575,0.8095657586158782,0.8353049562548367,181954150.4,0.05752839589421943,0.04956975552244002,0.06548703626599883
head,0.1,5,2019.8,0.89901,0.8963791809092981,0.9016408190907018,10157.8,0.8990278330019881,0.8963545961709686,0.9017010698330076,5823749.8,0.8989735626880015,0.8962675910968112,0.9016795342791919,5821929.8,0.8990019952686689,0.896295948977972,0.9017080415593657,322482,0.8975220231622704,0.8946834620896916,0.9003605842348491,0.176,0.7700395100395101,0.7442116991066675,0.7958673209723527,182478438.4,0.054786812695697094,0.041306789720972265,0.06826683567042192
head,0.25,5,5021.8,0.74891,0.7447612347142062,0.7530587652857937,25263.8,0.7488687872763419,0.7448235591137351,0.7529140154389486,14480590.6,0.7488005960538322,0.7447920223142164,0.752809169793448,14478770.6,0.7488243601747626,0.7448156801198308,0.7528330402296944,798858.4,0.7461400509980701,0.7420643343412502,0.7502157676548901,0.294,0.6159288909288909,0.5840383935678878,0.647819388289894,187721318.4,0.027642164341068164,0.016596850818382095,0.03868747786375423
head,0.5,5,9962.4,0.50188,0.49701594868080384,0.5067440513191962,50109.4,0.5018946322067595,0.4971212695058584,0.5066679949076605,28714542,0.5018797206387976,0.4971302322826993,0.5066292089948959,28712742,0.50189546121981,0.4971457617090204,0.5066451607305995,1579378.4,0.4981084982540407,0.4934237773530392,0.5027932191550422,0.45,0.4119661194661195,0.3763096515966594,0.4476225873355796,188731392,0.02240922421865661,0.01067945274784354,0.03413899568946968
tail,0.02,5,400,0.98,0.98,0.98,2600,0.974155069582505,0.974155069582505,0.974155069582505,57645800,0.0,0.0,0.0,1625624,0.9717989075291362,0.9717987188692642,0.9717990961890083,82313.4,0.9738426300369002,0.9738084886629441,0.9738767714108563,1.0919999999999999,-0.42648524898524875,-0.4683288823061932,-0.3846416156643043,244101939.2,-0.26432056549676475,-0.2774755705401928,-0.2511655604533367
tail,0.025,5,501.2,0.97494,0.9744623223223801,0.97541767767762,3106,0.9691252485089463,0.9686504198035587,0.9696000772143339,57645800,0.0,0.0,0.0,1914848.8,0.9667814770950809,0.9663077947516973,0.9672551594384645,99192.6,0.968478807904054,0.9679915932147577,0.9689660225933504,1.128,-0.4739967914967914,-0.5388124119048244,-0.40918117108875834,243374489.6,-0.2605976297187292,-0.28078507469384445,-0.24041018474361395
tail,0.05,5,1002.4,0.94988,0.9489969769613689,0.950763023038631,5612,0.9442147117296222,0.943336955229989,0.9450924682292555,57645800,0.0,0.0,0.0,3347410,0.9419296104434959,0.9410537288703589,0.9428054920166329,181654.4,0.9422742926169925,0.9413257479122076,0.9432228373217774,1.1019999999999999,-0.4396187596187594,-0.4950240753130888,-0.38421344392443,243201638.4,-0.2597874338895607,-0.2855904375698785,-0.23398443020924292
tail,0.1,5,2008.6,0.89957,0.8963600524027872,0.9027799475972128,10643,0.8942047713717693,0.8910139685912396,0.8973955741522991,57645800,0.0,0.0,0.0,6223302.6,0.8920390373602872,0.8888553200566172,0.8952227546639573,345374.6,0.8902476336864945,0.8869323492254101,0.8935629181475789,1.132,-0.47871169371169364,-0.5259666380256506,-0.4314567493977367,244798259.2,-0.26803475107766916,-0.28903253214470276,-0.24703697001063557
tail,0.25,5,5004.6,0.74977,0.7463730786988427,0.7531669213011574,25623,0.7452982107355864,0.741921549402428,0.7486748720687448,57645800,0.0,0.0,0.0,14786409.4,0.7434874862607106,0.7401184290371564,0.7468565434842648,822759,0.7385453272312055,0.7351546525644935,0.7419360018979174,1.16,-0.5160721260721259,-0.5987414184147088,-0.433402833729543,244722073.6,-0.26758654398381687,-0.2865205669813386,-0.24865252098629517
tail,0.5,5,10009.8,0.49951,0.49477548942269883,0.5042445105773012,50649,0.496530815109344,0.49182454216968075,0.5012370880490072,57645800,0.0,0.0,0.0,29092161.2,0.49531335173633567,0.49061847366892014,0.5000082298037511,1607564,0.4891519949157931,0.4844217639446698,0.4938822258869164,1.23,-0.6072221022221022,-0.6791006752584169,-0.5353435291857874,246825779.2,-0.2784981887232156,-0.292309104368009,-0.26468727307842216
