block,export,timeout_ms,sampler,collector_cpu_s,jaeger_cpu_s,batch_count,mean_batch_spans,export_traces_measured,export_json_bytes_measured,max_schedule_lag_s
51001,dual,100,bypass,0.5900000000000001,0.9200000000000002,300.0,50.0,3000,4989300,0.00010926127433918964
51001,dual,100,tail10,0.36,0.33999999999999997,59.0,24.576271186440678,290,686900,0.0005069680511979868
51001,dual,100,tail100,0.42999999999999994,0.69,60.0,250.0,3000,7050000,0.0003561310470097112
51001,dual,1000,bypass,0.31,0.71,60.0,250.0,3000,4984500,0.00035905912518519045
51001,dual,1000,tail10,0.33,0.31,59.0,24.576271186440678,290,686900,0.000505465269085903
51001,dual,1000,tail100,0.4,0.7,60.0,250.0,3000,7050000,0.0033360928297057058
51001,file,100,bypass,0.32,0.21000000000000002,300.0,50.0,3000,4989300,0.0024746179580690253
51001,file,100,tail10,0.33,0.21999999999999997,59.0,24.576271186440678,290,686900,0.00011124536395001883
51001,file,100,tail100,0.35,0.21000000000000002,60.0,250.0,3000,7050000,0.0022939451038865855
51001,file,1000,bypass,0.24,0.2,60.0,250.0,3000,4984500,0.0003329470753676844
51001,file,1000,tail10,0.29000000000000004,0.21000000000000002,59.0,24.576271186440678,290,686900,0.00010491535067558289
51001,file,1000,tail100,0.29,0.24,60.0,250.0,3000,7050000,0.00037155821919299115
51002,dual,100,bypass,0.6000000000000001,0.8800000000000001,300.0,50.0,3000,4989300,0.0003582626581177806
51002,dual,100,tail10,0.37,0.32999999999999996,59.0,24.576271186440678,290,686900,0.0003698222339139079
51002,dual,100,tail100,0.42999999999999994,0.73,60.0,250.0,3000,7050000,0.0001766927540298724
51002,dual,1000,bypass,0.32,0.7,60.0,250.0,3000,4984500,0.00011359676718569744
51002,dual,1000,tail10,0.33,0.32,59.0,24.576271186440678,290,686900,0.0005138054490103627
51002,dual,1000,tail100,0.38,0.73,60.0,250.0,3000,7050000,0.00010517910122587182
51002,file,100,bypass,0.32,0.21000000000000002,300.0,50.0,3000,4989300,0.0005458161234841441
51002,file,100,tail10,0.32,0.22000000000000003,59.0,24.576271186440678,290,686900,0.0003481499850748193
51002,file,100,tail100,0.37,0.18,60.0,250.0,3000,7050000,0.00010884031653546344
51002,file,1000,bypass,0.25,0.21000000000000002,60.0,250.0,3000,4984500,0.00039955973625183105
51002,file,1000,tail10,0.28,0.2,59.0,24.576271186440678,290,686900,0.0005164220929145813
51002,file,1000,tail100,0.33,0.22999999999999998,60.0,250.0,3000,7050000,0.0017800919711588037
51003,dual,100,bypass,0.6000000000000001,0.9100000000000001,300.0,50.0,3000,4989300,0.00012040659785128582
51003,dual,100,tail10,0.38,0.31,59.0,24.576271186440678,290,686900,0.0001258820295362284
51003,dual,100,tail100,0.43999999999999995,0.73,60.0,250.0,3000,7050000,0.0001209169626221751
51003,dual,1000,bypass,0.33,0.7,60.0,250.0,3000,4984500,0.0022537313401684855
51003,dual,1000,tail10,0.32999999999999996,0.29,59.0,24.576271186440678,290,686900,0.00037760287523269653
51003,dual,1000,tail100,0.38,0.6799999999999999,60.0,250.0,3000,7050000,0.0006011970341219808
51003,file,100,bypass,0.32,0.22999999999999998,300.0,50.0,3000,4989300,0.00011061728000782978
51003,file,100,tail10,0.3,0.21000000000000002,59.0,24.576271186440678,290,686900,0.0004699930548675013
51003,file,100,tail100,0.35,0.21000000000000002,60.0,250.0,3000,7050000,0.0003265984356399798
51003,file,1000,bypass,0.25,0.22000000000000003,60.0,250.0,3000,4984500,0.0006143406033523036
51003,file,1000,tail10,0.29000000000000004,0.21000000000000002,59.0,24.576271186440678,290,686900,0.00013419613242149353
51003,file,1000,tail100,0.31,0.22000000000000003,60.0,250.0,3000,7050000,0.00010167136788385989
51004,dual,100,bypass,0.5900000000000001,0.9100000000000001,300.0,50.0,3000,4989300,9.920820593833923e-05
51004,dual,100,tail10,0.36,0.3,59.0,24.576271186440678,290,686900,0.00020101889968060505
51004,dual,100,tail100,0.42999999999999994,0.71,61.0,245.9016393442623,3000,7050020,0.00011693015694547171
51004,dual,1000,bypass,0.33,0.65,60.0,250.0,3000,4984500,0.0003633424639701843
51004,dual,1000,tail10,0.33,0.31999999999999995,59.0,24.576271186440678,290,686900,0.0011517271399483775
51004,dual,1000,tail100,0.4,0.75,60.0,250.0,3000,7050000,0.00042926371097706806
51004,file,100,bypass,0.31,0.22000000000000003,300.0,50.0,3000,4989300,0.0001094669103629542
51004,file,100,tail10,0.32,0.22999999999999998,59.0,24.576271186440678,290,686900,0.0001089699566367841
51004,file,100,tail100,0.33999999999999997,0.22000000000000003,60.0,250.0,3000,7050000,0.00011690557003163349
51004,file,1000,bypass,0.26,0.21999999999999997,60.0,250.0,3000,4984500,0.002069862186907301
51004,file,1000,tail10,0.27,0.21999999999999997,59.0,24.576271186440678,290,686900,0.00012187659740447998
51004,file,1000,tail100,0.31,0.21999999999999997,60.0,250.0,3000,7050000,0.00011843293905400287
51005,dual,100,bypass,0.6100000000000001,0.9000000000000001,300.0,50.0,3000,4989300,0.00015238523483418476
51005,dual,100,tail10,0.38,0.33999999999999997,59.0,24.576271186440678,290,686900,0.00011584013700627338
51005,dual,100,tail100,0.42999999999999994,0.73,60.0,250.0,3000,7050000,0.00033677369356155396
51005,dual,1000,bypass,0.33,0.73,60.0,250.0,3000,4984500,0.0006289795041070079
51005,dual,1000,tail10,0.33,0.3,59.0,24.576271186440678,290,686900,0.0003710977733142329
51005,dual,1000,tail100,0.4,0.74,60.0,250.0,3000,7050000,0.0009186439216151143
51005,file,100,bypass,0.31,0.21999999999999997,300.0,50.0,3000,4989300,0.0001781679689880633
51005,file,100,tail10,0.31,0.21000000000000002,59.0,24.576271186440678,290,686900,0.0001075476408001208
51005,file,100,tail100,0.37,0.2,60.0,250.0,3000,7050000,0.00021830797195443452
51005,file,1000,bypass,0.25,0.21000000000000002,60.0,250.0,3000,4984500,0.00048168525099612225
51005,file,1000,tail10,0.27,0.22999999999999998,59.0,24.576271186440678,290,686900,0.0007649943232537204
51005,file,1000,tail100,0.33,0.21000000000000002,60.0,250.0,3000,7050000,0.00021476745605752967
51006,dual,100,bypass,0.6200000000000001,0.9200000000000002,300.0,50.0,3000,4989300,0.001609745621681924
51006,dual,100,tail10,0.36,0.31,59.0,24.576271186440678,290,686900,0.00012240856885625817
51006,dual,100,tail100,0.42999999999999994,0.69,60.0,250.0,3000,7050000,0.002538663148882847
51006,dual,1000,bypass,0.33,0.72,60.0,250.0,3000,4984500,0.00023381337523531442
51006,dual,1000,tail10,0.33,0.31,59.0,24.576271186440678,290,686900,0.0003229551017298604
51006,dual,1000,tail100,0.39,0.69,60.0,250.0,3000,7050000,0.0004752144217476939
51006,file,100,bypass,0.33,0.21000000000000002,300.0,50.0,3000,4989300,0.00011252760887003888
51006,file,100,tail10,0.32,0.22000000000000003,59.0,24.576271186440678,290,686900,0.0001069180667414571
51006,file,100,tail100,0.36,0.21000000000000002,60.0,250.0,3000,7050000,0.0003143571317210103
51006,file,1000,bypass,0.25,0.19,60.0,250.0,3000,4984500,0.0001104839146144343
51006,file,1000,tail10,0.28,0.24,59.0,24.576271186440678,290,686900,0.0005553208291537715
51006,file,1000,tail100,0.31,0.22999999999999998,60.0,250.0,3000,7050000,0.00010093078017092694
51007,dual,100,bypass,0.6200000000000001,0.92,300.0,50.0,3000,4989300,0.00011369884013845422
51007,dual,100,tail10,0.37,0.32,59.0,24.576271186440678,290,686900,0.00032096281647397973
51007,dual,100,tail100,0.42999999999999994,0.74,60.0,250.0,3000,7050000,0.002205851674077053
51007,dual,1000,bypass,0.32,0.73,60.0,250.0,3000,4984500,0.0001078784465775584
51007,dual,1000,tail10,0.32,0.32999999999999996,59.0,24.576271186440678,290,686900,0.00014547556638788706
51007,dual,1000,tail100,0.39,0.7,60.0,250.0,3000,7050000,0.00010753273964070331
51007,file,100,bypass,0.32,0.24,300.0,50.0,3000,4989300,0.00010678991675661109
51007,file,100,tail10,0.33,0.21000000000000002,59.0,24.576271186440678,290,686900,9.964033961296082e-05
51007,file,100,tail100,0.36,0.22000000000000003,60.0,250.0,3000,7050000,0.0003159098327145671
51007,file,1000,bypass,0.24,0.25,60.0,250.0,3000,4984500,0.0006150186061830709
51007,file,1000,tail10,0.28,0.24,59.0,24.576271186440678,290,686900,0.00023146271705343224
51007,file,1000,tail100,0.30000000000000004,0.21000000000000002,60.0,250.0,3000,7050000,0.00011129975318979746
51008,dual,100,bypass,0.5900000000000001,0.8900000000000001,300.0,50.0,3000,4989300,0.0001867480576009939
51008,dual,100,tail10,0.36,0.31,59.0,24.576271186440678,290,686900,0.0001157507300391103
51008,dual,100,tail100,0.41999999999999993,0.72,60.0,250.0,3000,7050000,0.0013116538524626797
51008,dual,1000,bypass,0.33,0.69,60.0,250.0,3000,4984500,0.0005347095429897308
51008,dual,1000,tail10,0.33999999999999997,0.31999999999999995,59.0,24.576271186440678,290,686900,0.0015079222619505117
51008,dual,1000,tail100,0.39,0.71,60.0,250.0,3000,7050000,0.0003053009510054494
51008,file,100,bypass,0.33,0.2,300.0,50.0,3000,4989300,0.00011494234204434406
51008,file,100,tail10,0.3,0.22999999999999998,59.0,24.576271186440678,290,686900,0.0002570480108259332
51008,file,100,tail100,0.35,0.21000000000000002,60.0,250.0,3000,7050000,0.00031749680638171185
51008,file,1000,bypass,0.25,0.24,60.0,250.0,3000,4984500,0.0001096375286593343
51008,file,1000,tail10,0.29000000000000004,0.22999999999999998,59.0,24.576271186440678,290,686900,0.0005931377410890448
51008,file,1000,tail100,0.3,0.22000000000000003,60.0,250.0,3000,7050000,0.0001045897603049184
