app,regime,seed,policy,retained_measured,offered_measured,false_accusations,collector_cpu_s,gateway_cpu_s,jaeger_cpu_s,worker_cpu_s,apps_cpu_s,postgres_cpu_s,pipeline_cpu_s,collector_sampled_rss_bytes,gateway_sampled_rss_bytes,jaeger_sampled_rss_bytes,worker_sampled_rss_bytes,postgres_cgroup_sampled_memory_bytes,collector_rss_start_bytes,collector_rss_end_bytes,collector_rss_growth_bytes,gateway_rss_start_bytes,gateway_rss_end_bytes,gateway_rss_growth_bytes,jaeger_rss_start_bytes,jaeger_rss_end_bytes,jaeger_rss_growth_bytes,worker_rss_start_bytes,worker_rss_end_bytes,worker_rss_growth_bytes,postgres_memory_start_bytes,postgres_memory_end_bytes,export_json_bytes,disk_logical_bytes,disk_allocated_bytes,preclose_logical_bytes,preclose_allocated_bytes,query_before_s,query_after_s,query_traces,max_schedule_lag_s,request_p99_s,measured_interval_s,sql_schema_correct,database_latency_correct,domain_invariant_correct,fault_cases,completion_elapsed_s,achieved_completion_rate,controller_cpu_s,runner_throttled_periods,runner_throttled_s,postgres_throttled_periods,postgres_throttled_s,normal_retained,protected_exported_measured,protected_fraction_full,missing_faults,retained_incorrect_faults,cause_correct,service_correct
checkout,bursty,41001,full,3000,3000,0,0.39,2.48,0.79,2.26,4.74,0.6299919999999997,6.549992,190054400,49598464,175898624,52363264,89272320,181534720,190054400,8519680,49074176,49598464,524288,74317824,175898624,101580800,51253248,52264960,1011712,87711744,88584192,5677832,8182005,7151616,2282750006,21815296,0.6150927618145943,0.610396720468998,3500,0.0009047434926046094,0.014343045391061574,65.02612932398915,30,30,30,90,60,50.0,1.1100000000000012,0,0.0,0,0.0,2910,60,0.02,0,0,90,90
checkout,bursty,41001,head,317,3000,0,0.29,2.1,0.31,1.7300000000000002,3.83,0.6418359999999996,5.071835999999999,189267968,49905664,69730304,51593216,97873920,179699712,189267968,9568256,49643520,49905664,262144,42336256,69730304,27394048,50806784,51331072,524288,96825344,93655040,654654,1788499,757760,2282750006,2256896,0.07430513948202133,0.07622729614377022,359,0.005093998730181681,0.012777135670104056,65.02714820951223,1,1,4,90,60,50.0,1.0600000000000005,0,0.0,0,0.0,311,2,,84,0,6,6
checkout,bursty,41001,tail,304,3000,0,0.27999999999999997,2.57,0.33999999999999997,2.2199999999999998,4.789999999999999,0.6238800000000015,6.033880000000001,189005824,50929664,66977792,52920320,98820096,179306496,189005824,9699328,50028544,50380800,352256,42074112,66977792,24903680,52154368,52920320,765952,97984512,97234944,831530,1794581,765952,2282750006,2240512,0.05966141074895859,0.06177276745438576,351,0.009626256555321788,0.017306862212637466,65.02547487616539,30,30,3,90,60,50.0,1.0899999999999999,0,0.0,0,0.0,241,60,,27,0,63,63
checkout,bursty,41002,full,3000,3000,0,0.43999999999999995,2.51,0.7999999999999999,2.28,4.789999999999999,0.6330209999999994,6.663020999999998,192413696,50036736,165937152,52150272,79749120,181010432,192413696,11403264,49405952,50036736,630784,73007104,165937152,92930048,51638272,51802112,163840,78651392,79269888,5679620,8121500,7090176,2282750008,21815296,0.652348168194294,0.6265521869063377,3500,0.00784956112504176,0.01567224387071426,65.02546014264226,30,30,30,90,60,50.0,1.1199999999999974,0,0.0,0,0.0,2910,60,0.02,0,0,90,90
checkout,bursty,41002,head,269,3000,0,0.26,2.26,0.35,1.7899999999999998,4.05,0.6294250000000012,5.2894250000000005,188088320,50188288,66322432,51306496,80244736,177078272,188088320,11010048,49664000,49795072,131072,42860544,66322432,23461888,50782208,51175424,393216,78454784,79499264,596772,1711304,679936,2282750008,2023424,0.05454631522297859,0.05860774591565132,321,0.0008008745014649321,0.010877529606141493,65.02585754171014,4,2,3,90,60,50.0,1.0700000000000003,0,0.0,0,0.0,260,6,,81,0,9,9
checkout,bursty,41002,tail,286,3000,0,0.29,2.48,0.3,2.24,4.720000000000001,0.6322640000000028,5.942264000000003,187826176,50847744,65929216,52260864,79843328,178651136,187826176,9175040,50454528,50421760,-32768,42205184,65929216,23724032,51720192,51793920,73728,78065664,78942208,802912,1761864,733184,2282750008,2166784,0.0626022145152092,0.06379001960158348,339,0.0008249072134489666,0.016527611203411327,65.0400689765811,30,30,1,90,60,50.0,1.1100000000000065,0,0.0,0,0.0,225,60,,29,0,61,61
checkout,bursty,41003,full,3000,3000,0,0.4,2.33,0.7999999999999999,2.17,4.5,0.6173760000000001,6.317376,190971904,50917376,176160768,52617216,80056320,180355072,190971904,10616832,50130944,50524160,393216,72613888,176160768,103546880,51503104,52305920,802816,79261696,78311424,5678876,8177164,7147520,2282750008,21815296,0.6371634528040886,0.6254536174237728,3500,0.0020881034433841705,0.01796669028691408,65.02628540247679,30,30,30,90,60,50.0,1.0300000000000011,0,0.0,0,0.0,2910,60,0.02,0,0,90,90
checkout,bursty,41003,head,309,3000,0,0.26,2.12,0.33999999999999997,1.73,3.85,0.6593540000000004,5.109354000000001,188874752,49803264,68943872,51396608,80203776,177209344,188874752,11665408,48885760,49672192,786432,42860544,68943872,26083328,50741248,51265536,524288,79126528,79368192,644323,1772338,741376,2282750008,2211840,0.06364563852548599,0.0666278637945652,352,0.002851994991303286,0.01605996910474608,65.02576915547252,2,4,4,90,60,50.0,1.0799999999999983,0,0.0,0,0.0,299,6,,80,0,10,10
checkout,bursty,41003,tail,281,3000,0,0.27999999999999997,2.35,0.3,2.18,4.53,0.6261659999999978,5.736165999999998,189005824,50294784,65273856,52547584,80523264,179306496,189005824,9699328,49549312,50163712,614400,42205184,65273856,23068672,51621888,52285440,663552,79163392,79814656,780256,1744359,712704,2282750008,2105344,0.05675572156906128,0.059909794479608536,329,0.0048444331586381395,0.016773157603958457,65.02601290494204,30,30,3,90,60,50.0,1.039999999999992,0,0.0,0,0.0,218,60,,27,0,63,63
checkout,bursty,41004,full,3000,3000,0,0.41999999999999993,2.53,0.8200000000000001,2.33,4.859999999999999,0.6496010000000041,6.749601000000004,192544768,50466816,171311104,51957760,74260480,182976512,192544768,9568256,49426432,50466816,1040384,73531392,171311104,97779712,51183616,51957760,774144,73228288,73134080,5679823,8126239,7094272,2282750008,21815296,0.6508244387805462,0.6813939139246941,3500,0.0006164826750776342,0.020256935395221012,65.0262406244874,30,30,30,90,60,50.0,1.1500000000000057,0,0.0,0,0.0,2910,60,0.02,0,0,90,90
checkout,bursty,41004,head,321,3000,0,0.3,2.03,0.32999999999999996,1.69,3.7199999999999998,0.6245880000000028,4.9745880000000025,194383872,49934336,71696384,51150848,74735616,184025088,194383872,10358784,49278976,49803264,524288,42860544,71696384,28835840,50233344,51150848,917504,73220096,73863168,671057,1802467,774144,2282750008,2306048,0.06505905091762543,0.067107655107975,367,0.00042245075106706054,0.007396247088826843,65.02493239194155,3,0,3,90,60,50.0,1.0300000000000011,0,0.0,0,0.0,315,3,,84,0,6,6
checkout,bursty,41004,tail,286,3000,0,0.26999999999999996,2.37,0.29,2.1700000000000004,4.540000000000001,0.6255260000000007,5.725526000000001,187564032,50696192,65536000,52473856,74461184,179961856,187564032,7602176,49422336,50434048,1011712,42467328,65536000,23068672,51163136,52035584,872448,72970240,74113024,801047,1765214,733184,2282750008,2162688,0.06977319717407227,0.06767639517784119,338,0.012402789056302765,0.022825241498570396,65.02605627477169,30,30,0,90,60,50.0,1.0699999999999932,0,0.0,0,0.0,226,60,,30,0,60,60
checkout,bursty,41005,full,3000,3000,0,0.42000000000000004,2.5,0.82,2.27,4.77,0.6298090000000016,6.639809000000001,193462272,51138560,173015040,52609024,75100160,181272576,193462272,12189696,49713152,51003392,1290240,73924608,173015040,99090432,51527680,52432896,905216,73064448,74244096,5677226,8120645,7090176,2282750008,21815296,0.642912682145834,0.6324614696204662,3500,0.008792071402073276,0.016542664952495914,65.02558172121644,30,30,30,90,60,50.0,1.1200000000000045,0,0.0,0,0.0,2910,60,0.02,0,0,90,90
checkout,bursty,41005,head,310,3000,0,0.29,2.21,0.36,1.78,3.99,0.6322510000000037,5.272251000000004,190054400,49979392,69992448,51326976,74674176,182059008,190054400,7995392,49455104,49848320,393216,43778048,69992448,26214400,50802688,51326976,524288,74493952,74121216,671589,1803590,774144,2282750008,2310144,0.07560629397630692,0.0674256980419159,367,0.0033060456216347234,0.015133508741775083,65.03225817903876,4,2,3,90,60,50.0,1.0899999999999892,0,0.0,0,0.0,301,6,,81,0,9,9
checkout,bursty,41005,tail,303,3000,0,0.29,2.51,0.31,2.2,4.71,0.6218130000000031,5.931813000000003,188088320,50659328,66715648,52211712,74858496,179568640,188088320,8519680,49614848,50528256,913408,42074112,66715648,24641536,51552256,51904512,352256,73625600,74362880,810036,1770210,741376,2282750008,2183168,0.058817021548748016,0.060892995446920395,342,0.001250774323942494,0.019749312661508735,65.02578209340572,30,30,3,90,60,50.0,1.0900000000000034,0,0.0,0,0.0,240,60,,27,0,63,63
checkout,steady,41001,full,3000,3000,0,0.6599999999999999,3.1,0.9400000000000002,2.6799999999999997,5.779999999999999,0.6636629999999997,8.043662999999999,191496192,50049024,161349632,51326976,89362432,182583296,191496192,8912896,49131520,50049024,917504,73793536,161349632,87556096,50671616,50933760,262144,88297472,88801280,5821203,8220469,7188480,2282750008,21811200,0.6056761182844639,0.6224983558058739,3500,0.0006760418415083791,0.010035552233375714,65.02718111872673,30,30,30,90,60,50.0,1.4000000000000021,0,0.0,0,0.0,2910,60,0.02,0,0,90,90
checkout,steady,41001,head,337,3000,0,0.49,2.82,0.44000000000000006,2.21,5.029999999999999,0.6757369999999998,6.635737,191889408,49979392,76677120,51359744,89321472,181010432,188633088,7622656,49586176,49979392,393216,42336256,76677120,34340864,50835456,51359744,524288,88588288,89251840,795605,1830615,798720,2282750006,2392064,0.06697141751646996,0.06766940653324127,380,0.003854514211417026,0.01861675299696106,65.02673638984561,3,2,3,90,60,50.0,1.4299999999999997,0,0.0,0,0.0,329,5,,82,0,8,8
checkout,steady,41001,tail,290,3000,0,0.35,3.12,0.31,2.69,5.8100000000000005,0.6679919999999999,7.137992,187957248,49946624,65798144,51695616,89841664,180224000,187957248,7733248,49160192,49815552,655360,42467328,65798144,23330816,50917376,51564544,647168,88547328,88309760,817463,1777894,749568,2282750008,2203648,0.0595882423222065,0.06285373494029045,345,0.005923503339289482,0.014530384503224079,65.0380075275898,30,30,1,90,60,50.0,1.4100000000000001,0,0.0,0,0.0,229,60,,29,0,61,61
checkout,steady,41002,full,3000,3000,0,0.6499999999999999,3.2300000000000004,1.01,2.94,6.17,0.7241250000000008,8.554125,193331200,50233344,174981120,52006912,90550272,184156160,193331200,9175040,49577984,49971200,393216,73400320,174981120,101580800,51351552,51875840,524288,88268800,78807040,5820963,8211388,7180288,2282750008,21811200,0.6190393753349781,0.6562873646616936,3500,0.0047558394074442845,0.009993730410851668,65.0269360281527,30,30,30,90,60,50.0,1.5300000000000011,0,0.0,0,0.0,2910,60,0.02,0,0,90,90
checkout,steady,41002,head,306,3000,0,0.42999999999999994,2.63,0.41000000000000003,2.1900000000000004,4.82,0.6817299999999982,6.341729999999998,190316544,49688576,74579968,51134464,89862144,183500800,190316544,6815744,49426432,49688576,262144,43122688,74579968,31457280,50610176,51134464,524288,88719360,88666112,745877,1781332,749568,2282750008,2240512,0.06739603728055954,0.06784296408295631,356,0.0024345865845667447,0.012767162956216322,65.025655772537,3,6,5,90,60,50.0,1.3699999999999974,0,0.0,0,0.0,292,9,,76,0,14,14
checkout,steady,41002,tail,313,3000,0,0.35,3.13,0.3,2.69,5.82,0.6297369999999987,7.099736999999998,188219392,49770496,66846720,51539968,80084992,180224000,188219392,7995392,49246208,49770496,524288,42205184,66846720,24641536,51146752,51511296,364544,78995456,79597568,838212,1794280,765952,2282750008,2260992,0.0630345493555069,0.06426046416163445,354,0.006695478856563852,0.008781488016165686,65.02674693614244,30,30,1,90,60,50.0,1.4299999999999997,0,0.0,0,0.0,252,60,,29,0,61,61
checkout,steady,41003,full,3000,3000,0,0.6599999999999999,2.99,0.9300000000000002,2.72,5.710000000000001,0.7132269999999963,8.013226999999997,190840832,49979392,172752896,51494912,79958016,182976512,190840832,7864320,49717248,49848320,131072,73531392,172752896,99221504,51105792,51232768,126976,79003648,79314944,5820658,8160675,7131136,2282750008,21811200,0.6122809126973152,0.6364985033869743,3500,0.003073864430188422,0.013919155523100123,65.0272212959826,30,30,30,90,60,50.0,1.3900000000000006,0,0.0,0,0.0,2910,60,0.02,0,0,90,90
checkout,steady,41003,head,303,3000,0,0.42000000000000004,2.6599999999999997,0.41000000000000003,2.23,4.89,0.6903549999999967,6.4103549999999965,191627264,49520640,73662464,51494912,80228352,182059008,191627264,9568256,48996352,49520640,524288,43384832,73662464,30277632,50970624,51363840,393216,78835712,78987264,739257,1780600,749568,2282750008,2240512,0.06642689928412437,0.06519641727209091,356,0.00730987817048856,0.0133835351466324,65.02608044072986,3,2,3,90,60,50.0,1.4199999999999946,0,0.0,0,0.0,295,5,,82,0,8,8
checkout,steady,41003,tail,317,3000,0,0.37,3.16,0.32,2.88,6.04,0.7071719999999999,7.437172,188481536,49799168,68026368,51494912,79941632,181403648,188481536,7077888,49274880,49668096,393216,41943040,68026368,26083328,50720768,51494912,774144,79507456,78532608,876182,1826177,794624,2282750008,2359296,0.07551831379532814,0.07146605849266052,370,0.004463169425726221,0.02758591834447969,65.02878122776747,30,30,4,90,60,50.0,1.509999999999998,0,0.0,0,0.0,253,60,,26,0,64,64
checkout,steady,41004,full,3000,3000,0,0.55,2.9,0.8600000000000001,2.6799999999999997,5.58,0.6667529999999999,7.656753,192806912,50110464,173146112,51884032,74358784,188088320,192806912,4718592,49586176,50110464,524288,74973184,173146112,98172928,50966528,51752960,786432,73691136,73895936,5820302,8158541,7127040,2282750008,21811200,0.62088543176651,0.6226622425019741,3500,0.004182601571081079,0.01652866106472338,65.02749548107386,30,30,30,90,60,50.0,1.3900000000000006,0,0.0,0,0.0,2910,60,0.02,0,0,90,90
checkout,steady,41004,head,312,3000,0,0.42000000000000004,2.68,0.4,2.19,4.87,0.6724380000000068,6.362438000000007,194117632,49680384,74055680,51470336,74383360,182976512,194117632,11141120,49025024,49680384,655360,42598400,74055680,31457280,50814976,51339264,524288,73064448,74256384,739134,1775659,745472,2282750008,2220032,0.06417016685009003,0.06626102700829506,353,0.0036069448292259665,0.012301258332946235,65.03611756488681,1,2,3,90,60,50.0,1.4000000000000057,0,0.0,0,0.0,306,3,,84,0,6,6
checkout,steady,41004,tail,281,3000,0,0.35,3.15,0.32,2.89,6.04,0.7041359999999983,7.414135999999998,187170816,49594368,65011712,51724288,74706944,179306496,187170816,7864320,48807936,49463296,655360,41811968,65011712,23199744,51200000,51724288,524288,73273344,73293824,754087,1717643,688128,2282750008,2035712,0.06468045338988304,0.06577236205339432,318,0.004049403965474596,0.011418921686627403,65.0309123583138,30,30,1,90,60,50.0,1.4899999999999949,0,0.0,0,0.0,220,60,,29,0,61,61
checkout,steady,41005,full,3000,3000,0,0.6200000000000001,2.95,0.91,2.72,5.67,0.6815659999999966,7.881565999999997,191496192,49594368,170786816,51810304,74534912,184942592,191496192,6553600,48807936,49463296,655360,73793536,170786816,96993280,51032064,51810304,778240,73723904,73650176,5821525,8162964,7131136,2282750008,21811200,0.6184605807065964,0.6569435298442841,3500,0.0032827958464594076,0.016940029486933773,65.02770594879985,30,30,30,90,60,50.0,1.3800000000000097,0,0.0,0,0.0,2910,60,0.02,0,0,90,90
checkout,steady,41005,head,301,3000,0,0.39,2.52,0.39,2.13,4.65,0.6708019999999948,6.1008019999999945,192151552,49815552,75104256,51408896,74579968,179830784,189468672,9637888,49160192,49815552,655360,43909120,75104256,31195136,51146752,51277824,131072,73195520,73801728,756451,1796471,765952,2282750008,2285568,0.07360175624489784,0.07277430221438408,363,0.00845726504921629,0.013236404545524133,65.02932059019804,4,3,5,90,60,50.0,1.3499999999999943,0,0.0,0,0.0,289,7,,78,0,12,12
checkout,steady,41005,tail,318,3000,0,0.35,2.9,0.26,2.67,5.57,0.6724710000000016,6.852471000000001,187564032,49819648,68157440,51507200,74530816,179699712,187564032,7864320,49033216,49688576,655360,42729472,68157440,25427968,50589696,51376128,786432,73551872,73854976,880476,1825393,794624,2282750008,2371584,0.06738618016242981,0.06684240326285362,372,0.003982440084222105,0.010579477623023477,65.02723203599453,30,30,5,90,60,50.0,1.3299999999999983,0,0.0,0,0.0,253,60,,25,0,65,65
documents,bursty,41001,full,3000,3000,0,0.41999999999999993,2.42,0.81,2.2399999999999998,4.66,0.6280789999999996,6.518079,190971904,50622464,161087488,52551680,99397632,182714368,190971904,8257536,49618944,50491392,872448,73924608,161087488,87162880,51494912,51826688,331776,97923072,98725888,5673200,8154705,7122944,2282750006,21983232,0.6288755051791668,0.6600685231387615,3500,0.0068415413796891755,0.01877681035540476,65.02489928528666,30,30,30,90,60,50.0,1.0499999999999998,0,0.0,0,0.0,2910,60,0.02,0,0,90,90
documents,bursty,41001,head,305,3000,0,0.26,2.23,0.36,1.84,4.07,0.6020769999999995,5.292077,188612608,49598464,68550656,51474432,99094528,176685056,188612608,11927552,49074176,49598464,524288,42467328,68550656,26083328,50819072,51212288,393216,98394112,98619392,646102,1780152,749568,2282750006,2248704,0.061507150530815125,0.06334951147437096,354,0.00033932220935994906,0.0068059190361866705,65.0254484154284,4,4,7,90,60,50.0,1.0700000000000003,0,0.0,0,0.0,290,8,,75,0,15,15
documents,bursty,41001,tail,294,3000,0,0.29,2.48,0.32999999999999996,2.32,4.8,0.642615000000001,6.062615000000001,188088320,49950720,66322432,52121600,99217408,180486144,188088320,7602176,49688576,49651712,-36864,42074112,66322432,24248320,51318784,51978240,659456,98521088,98287616,798499,1759258,729088,2282750006,2170880,0.05883035063743591,0.06003810092806816,337,0.005827766925095901,0.01912692397824904,65.02462759613991,30,30,4,90,60,50.0,1.1400000000000006,0,0.0,0,0.0,230,60,,26,0,64,64
documents,bursty,41002,full,3000,3000,0,0.41999999999999993,2.58,0.8099999999999999,2.32,4.9,0.6497729999999997,6.779773,190840832,50225152,173408256,51859456,80453632,183369728,190840832,7471104,49586176,50094080,507904,73531392,173408256,99876864,51609600,51712000,102400,78979072,80097280,5673769,8146171,7114752,2282750008,21983232,0.5963965244591236,0.6186797320842743,3500,0.004493825346232327,0.016957120411017726,65.02579236403108,30,30,30,90,60,50.0,1.1400000000000006,0,0.0,0,0.0,2910,60,0.02,0,0,90,90
documents,bursty,41002,head,271,3000,0,0.24,2.1900000000000004,0.33999999999999997,1.8199999999999998,4.01,0.6421279999999996,5.2321279999999994,188743680,49741824,65667072,51552256,80306176,175636480,188743680,13107200,49348608,49610752,262144,41680896,65667072,23986176,51027968,51159040,131072,78979072,79011840,587586,1705568,675840,2282750008,2019328,0.05598751828074455,0.055865805596113205,318,0.001374045640229582,0.0072822574525245876,65.02424206584692,2,1,5,90,60,50.0,1.0700000000000003,0,0.0,0,0.0,263,3,,82,0,8,8
documents,bursty,41002,tail,266,3000,0,0.29,2.51,0.31,2.2800000000000002,4.79,0.6350249999999988,6.0250249999999985,189530112,50896896,64356352,52338688,80302080,179961856,189530112,9568256,50241536,50634752,393216,42598400,64356352,21757952,51585024,52031488,446464,79327232,79818752,751533,1719486,688128,2282750008,2043904,0.054172731935977936,0.05816136673092842,317,0.003699334621430239,0.016607743687847506,65.02473013475537,30,30,1,90,60,50.0,1.0800000000000054,0,0.0,0,0.0,205,60,,29,0,61,61
documents,bursty,41003,full,3000,3000,0,0.45999999999999996,2.52,0.82,2.2800000000000002,4.800000000000001,0.5329339999999974,6.612933999999998,191496192,50561024,174063616,52629504,80072704,181272576,191496192,10223616,49786880,50421760,634880,73662464,174063616,100401152,51720192,52531200,811008,79282176,79458304,5674589,8143562,7114752,2282750008,21966848,0.6027145944535732,0.6201782114803791,3500,0.010586947590113027,0.017969324737707154,65.02433932200074,30,30,30,90,60,50.0,1.1100000000000065,0,0.0,0,0.0,2910,60,0.02,0,0,90,90
documents,bursty,41003,head,318,3000,0,0.26,2.06,0.33999999999999997,1.74,3.8,0.6512759999999993,5.051275999999999,188481536,49819648,70516736,51752960,80941056,176816128,188481536,11665408,49164288,49819648,655360,43122688,70516736,27394048,50835456,51752960,917504,78909440,78938112,671113,1807655,778240,2282750008,2334720,0.06353583931922913,0.06778227165341377,368,0.005092893004418286,0.012600084654905568,65.02475225925446,4,4,1,90,60,50.0,1.0499999999999972,0,0.0,0,0.0,309,8,,81,0,9,9
documents,bursty,41003,tail,295,3000,0,0.29,2.56,0.29,2.31,4.87,0.646256000000001,6.096256000000001,186777600,50835456,66715648,51986432,80560128,179568640,186777600,7208960,49917952,50819072,901120,42336256,66715648,24379392,51564544,51662848,98304,79208448,79355904,819634,1782473,753664,2282750008,2228224,0.06020667403936386,0.06121610477566719,346,0.003506816476583907,0.016759722195485518,65.03132730722427,30,30,0,90,60,50.0,1.1300000000000026,0,0.0,0,0.0,235,60,,30,0,60,60
documents,bursty,41004,full,3000,3000,0,0.4099999999999999,2.3899999999999997,0.8400000000000001,2.2600000000000002,4.65,0.6429469999999995,6.542947,193855488,50737152,174981120,52604928,74665984,183500800,193855488,10354688,49688576,50737152,1048576,73400320,174981120,101580800,51245056,52461568,1216512,73588736,74035200,5673260,8144811,7114752,2282750008,21979136,0.6567534990608692,0.6352944746613503,3500,0.021021484434605497,0.028892826959413496,65.02636673301458,30,30,30,90,60,50.0,1.1099999999999994,0,0.0,0,0.0,2910,60,0.02,0,0,90,90
documents,bursty,41004,head,280,3000,0,0.26,2.09,0.31,1.7200000000000002,3.81,0.5653149999999982,4.945314999999998,189792256,49954816,67764224,51634176,74756096,179044352,189792256,10747904,49168384,49561600,393216,43253760,67764224,24510464,51109888,51503104,393216,73998336,74076160,634678,1762252,733184,2282750008,2191360,0.07097003981471062,0.07287643477320671,345,0.005479886680841872,0.01335547409943588,65.02524242550135,4,3,1,90,60,50.0,1.0600000000000023,0,0.0,0,0.0,272,7,,82,0,8,8
documents,bursty,41004,tail,313,3000,0,0.27,2.35,0.29,2.2199999999999998,4.57,0.6363440000000011,5.766344000000001,186384384,50868224,68157440,52719616,74997760,179306496,186384384,7077888,49971200,50733056,761856,42598400,68157440,25559040,51658752,52703232,1044480,73732096,74997760,859571,1813779,782336,2282750008,2334720,0.06366660818457603,0.06504162028431892,363,0.00029493623971939276,0.014972935542383435,65.0253024622798,30,30,2,90,60,50.0,1.0400000000000063,0,0.0,0,0.0,251,60,,28,0,62,62
documents,bursty,41005,full,3000,3000,0,0.37,2.41,0.76,2.24,4.65,0.6414779999999993,6.421478,192675840,51531776,173277184,52056064,75481088,182321152,192675840,10354688,50089984,51531776,1441792,73662464,173277184,99614720,51154944,51982336,827392,74235904,74629120,5671994,8140398,7110656,2282750008,21983232,0.6383951939642429,0.6629234477877617,3500,0.006535886108875566,0.04532680723808809,65.02607299759984,30,30,30,90,60,50.0,1.1099999999999994,0,0.0,0,0.0,2910,60,0.02,0,0,90,90
documents,bursty,41005,head,297,3000,0,0.29,2.0,0.33999999999999997,1.7000000000000002,3.7,0.6299050000000008,4.959905000000001,192151552,50089984,70254592,51699712,75063296,182714368,192151552,9437184,49565696,49958912,393216,43253760,70254592,27000832,50782208,51699712,917504,73519104,74334208,651097,1777604,745472,2282750008,2240512,0.06237637996673584,0.062953632324934,353,0.0032723635137088536,0.016342926248827813,65.02466569468379,3,5,3,90,60,50.0,1.0,0,0.0,0,0.0,286,8,,79,0,11,11
documents,bursty,41005,tail,317,3000,0,0.26,2.24,0.29,2.1399999999999997,4.38,0.5369740000000007,5.4669740000000004,188481536,50466816,68812800,52817920,75026432,180224000,188481536,8257536,49942528,50331648,389120,43778048,68812800,25034752,51843072,52817920,974848,73756672,73588736,904218,1854403,823296,2282750008,2453504,0.07353244349360466,0.07452644035220146,382,0.002056683659553471,0.015294624157169407,65.02556908503175,30,30,2,90,60,50.0,1.0100000000000051,0,0.0,0,0.0,255,60,,28,0,62,62
documents,steady,41001,full,3000,3000,0,0.71,3.1100000000000003,0.9799999999999999,2.7600000000000002,5.870000000000001,0.6866620000000001,8.246662,192675840,50024448,173277184,51642368,99696640,182714368,192675840,9961472,49500160,49893376,393216,74448896,173277184,98828288,50987008,51511296,524288,98717696,98668544,5817292,8205481,7176192,2282750006,21979136,0.598826065659523,0.6118699572980404,3500,0.004004324674605542,0.015585545003333505,65.02542424574494,30,30,30,90,60,50.0,1.4300000000000002,0,0.0,0,0.0,2910,60,0.02,0,0,90,90
documents,steady,41001,head,285,3000,0,0.42999999999999994,2.69,0.43000000000000005,2.2199999999999998,4.91,0.687665,6.4576649999999995,193069056,49520640,73531392,51187712,99389440,180617216,193069056,12451840,48996352,49520640,524288,43909120,73531392,29622272,50532352,51056640,524288,98189312,98938880,731070,1768666,737280,2282750006,2211840,0.059187352657318115,0.06995173171162605,348,0.0007750043272984897,0.009571893326856146,65.02592537924647,6,3,1,90,60,50.0,1.4,0,0.0,0,0.0,275,9,,80,0,10,10
documents,steady,41001,tail,312,3000,0,0.35,3.04,0.29,2.7,5.74,0.6780939999999998,7.058094,188088320,49815552,67239936,51773440,99471360,179437568,188088320,8650752,48898048,49553408,655360,42598400,67239936,24641536,50987008,51642368,655360,98746368,98926592,850219,1806610,778240,2282750006,2310144,0.06475704908370972,0.07158424705266953,359,0.005143421739339793,0.011357455700554275,65.0323455967009,30,30,4,90,60,50.0,1.3899999999999997,0,0.0,0,0.0,248,60,,26,0,64,64
documents,steady,41002,full,3000,3000,0,0.64,3.1,0.9300000000000002,2.75,5.85,0.6851400000000005,8.10514,192020480,49979392,171966464,51425280,89956352,183500800,192020480,8519680,49586176,49979392,393216,73924608,171966464,98041856,51163136,51294208,131072,88207360,89268224,5815876,8187068,7155712,2282750008,21979136,0.6184977144002914,0.6409567147493362,3500,0.0010953038930878733,0.011797053255059343,65.02684001252055,30,30,30,90,60,50.0,1.4100000000000001,0,0.0,0,0.0,2910,60,0.02,0,0,90,90
documents,steady,41002,head,306,3000,0,0.41000000000000003,2.74,0.41000000000000003,2.21,4.95,0.6759999999999984,6.445999999999999,192544768,49963008,73269248,51179520,90054656,180748288,192544768,11796480,49438720,49569792,131072,42860544,73269248,30408704,51048448,51179520,131072,88485888,89587712,732975,1776686,745472,2282750008,2236416,0.05942877009510994,0.06142564117908478,352,0.0038224892318252657,0.01796086695037248,65.02478402853012,5,3,4,90,60,50.0,1.4099999999999966,0,0.0,0,0.0,294,8,,78,0,12,12
documents,steady,41002,tail,283,3000,0,0.33999999999999997,3.09,0.31,2.6999999999999997,5.789999999999999,0.6761839999999992,7.116183999999998,187957248,50073600,64880640,51699712,90152960,178388992,187957248,9568256,49549312,49930240,380928,41943040,64880640,22937600,50782208,51568640,786432,88776704,89387008,760965,1724152,692224,2282750008,2072576,0.054307736456394196,0.057357609272003174,321,0.003940131366253041,0.018606304638008074,65.02616587653756,30,30,6,90,60,50.0,1.4100000000000001,0,0.0,0,0.0,217,60,,24,0,66,66
documents,steady,41003,full,3000,3000,0,0.72,3.0,0.96,2.76,5.76,0.6897909999999996,8.129790999999999,193986560,49725440,163446784,51482624,80277504,184418304,193986560,9568256,49332224,49594368,262144,74579968,163446784,88866816,50958336,51482624,524288,78753792,79417344,5817872,8196325,7168000,2282750008,21979136,0.6040726564824581,0.6508749574422836,3500,0.003183505088088623,0.013567628376104975,65.02734284475446,30,30,30,90,60,50.0,1.3900000000000006,0,0.0,0,0.0,2910,60,0.02,0,0,90,90
documents,steady,41003,head,317,3000,0,0.44999999999999996,2.6799999999999997,0.42000000000000004,2.2399999999999998,4.92,0.6867620000000016,6.476762000000002,192282624,49664000,74579968,51204096,80261120,180486144,192282624,11796480,49008640,49664000,655360,42336256,74579968,32243712,50679808,51204096,524288,78864384,79638528,746887,1788254,757760,2282750008,2277376,0.06034315004944801,0.06457733362913132,359,0.0023395051062102823,0.020878915265123324,65.02633134648204,3,1,2,90,60,50.0,1.4200000000000017,0,0.0,0,0.0,311,4,,84,0,6,6
documents,steady,41003,tail,273,3000,0,0.35,3.13,0.3,2.76,5.89,0.6818820000000017,7.221882000000001,188481536,50003968,65011712,51408896,80351232,179437568,188481536,9043968,49348608,49610752,262144,42205184,65011712,22806528,50622464,51146752,524288,79642624,79654912,749970,1715468,684032,2282750008,2039808,0.05758918449282646,0.05904771387577057,316,0.002026188969608711,0.010506193563260371,65.02689889445901,30,30,1,90,60,50.0,1.4200000000000017,0,0.0,0,0.0,212,60,,29,0,61,61
documents,steady,41004,full,3000,3000,0,0.6100000000000001,3.04,0.96,2.87,5.91,0.7146919999999994,8.194692,190054400,50110464,175898624,51900416,78876672,184680448,189673472,4993024,49192960,50110464,917504,73793536,175898624,102105088,51122176,51769344,647168,77758464,78708736,5815071,8185359,7155712,2282750008,21979136,0.6676484867930412,0.7149018123745918,3500,0.0013502424955333936,0.01114989820859627,65.02921741083264,30,30,30,90,60,50.0,1.4299999999999926,0,0.0,0,0.0,2910,60,0.02,0,0,90,90
documents,steady,41004,head,324,3000,0,0.5,2.71,0.45000000000000007,2.3200000000000003,5.03,0.7125770000000031,6.6925770000000036,192937984,49520640,79036416,51875840,79409152,183107584,192937984,9830400,48865280,49123328,258048,42860544,79036416,36175872,51089408,51482624,393216,78106624,78696448,765890,1803989,774144,2282750008,2322432,0.0697609931230545,0.06757186725735664,366,0.003141853511333892,0.015921943113127425,65.02600163221359,4,2,0,90,60,50.0,1.4300000000000068,0,0.0,0,0.0,318,6,,84,0,6,6
documents,steady,41004,tail,315,3000,0,0.35,2.96,0.26999999999999996,2.7600000000000002,5.720000000000001,0.6859189999999984,7.025918999999998,185073664,50520064,68943872,51818496,80359424,177995776,185073664,7077888,49602560,50126848,524288,42729472,68943872,26214400,51032064,51687424,655360,79273984,78974976,886167,1835872,806912,2282750008,2404352,0.06972583755850792,0.07088197395205498,374,0.007420479208230968,0.008194710537709088,65.0287163220346,30,30,3,90,60,50.0,1.3799999999999955,0,0.0,0,0.0,252,60,,27,0,63,63
documents,steady,41005,full,3000,3000,0,0.6699999999999999,3.02,0.98,2.82,5.84,0.6971970000000027,8.187197000000003,193855488,49799168,171442176,51572736,75657216,185466880,193855488,8388608,49143808,49537024,393216,73924608,171442176,97517568,50655232,51310592,655360,73920512,74481664,5817695,8179511,7147520,2282750008,21979136,0.6138037368655205,0.6206499114632607,3500,0.004380242824552738,0.014158288724639645,65.02621554583311,30,30,30,90,60,50.0,1.440000000000012,0,0.0,0,0.0,2910,60,0.02,0,0,90,90
documents,steady,41005,head,308,3000,0,0.41999999999999993,2.65,0.41000000000000003,2.27,4.92,0.6484860000000054,6.3984860000000054,193855488,49975296,75104256,51249152,75059200,182976512,193855488,10878976,49582080,49713152,131072,42991616,75104256,32112640,50987008,51249152,262144,73936896,74510336,756338,1793519,761856,2282750008,2289664,0.06875795498490334,0.07507822662591934,361,0.0015971082448960061,0.05497842553995897,65.0250114761293,2,3,3,90,60,50.0,1.4300000000000068,0,0.0,0,0.0,300,5,,82,0,8,8
documents,steady,41005,tail,301,3000,0,0.35,3.06,0.31,2.81,5.87,0.703946000000002,7.233946000000001,187039744,49795072,66584576,51572736,74985472,179699712,187039744,7340032,49139712,49401856,262144,42205184,66584576,24379392,50921472,51310592,389120,74493952,74985472,829098,1787328,757760,2282750008,2252800,0.061127353459596634,0.06303295493125916,350,0.00667707622051239,0.011018205173231994,65.02734899520874,30,30,5,90,60,50.0,1.4200000000000017,0,0.0,0,0.0,236,60,,25,0,65,65
