app,regime,policy,retained_rate,correct,n_faults,false_accusations,n_normal_offered,n_normal_retained,sql_schema_accuracy,database_latency_accuracy,domain_invariant_accuracy
checkout,steady,full,1.0,450,450,0,14550,14550,1.0,1.0,1.0
checkout,steady,head,0.10393333333333334,48,450,0,14550,1511,0.09333333333333334,0.1,0.12666666666666668
checkout,steady,tail,0.10126666666666667,312,450,0,14550,1207,1.0,1.0,0.08
checkout,bursty,full,1.0,450,450,0,14550,14550,1.0,1.0,1.0
checkout,bursty,head,0.10173333333333333,40,450,0,14550,1486,0.09333333333333334,0.06,0.11333333333333333
checkout,bursty,tail,0.09733333333333333,310,450,0,14550,1150,1.0,1.0,0.06666666666666667
documents,steady,full,1.0,450,450,0,14550,14550,1.0,1.0,1.0
documents,steady,head,0.10266666666666667,42,450,0,14550,1498,0.13333333333333333,0.08,0.06666666666666667
documents,steady,tail,0.09893333333333333,319,450,0,14550,1165,1.0,1.0,0.12666666666666668
documents,bursty,full,1.0,450,450,0,14550,14550,1.0,1.0,1.0
documents,bursty,head,0.09806666666666666,51,450,0,14550,1420,0.11333333333333333,0.11333333333333333,0.11333333333333333
documents,bursty,tail,0.099,309,450,0,14550,1176,1.0,1.0,0.06
