root_error,late,cache,churn,retained_error_ids_min,retained_error_ids_max,retained_spans_min,retained_spans_max,complete_min,complete_max,witnesses_min,witnesses_max
False,False,False,False,200,200,1400,1400,200,200,200,200
False,False,False,True,200,200,1400,1400,200,200,200,200
False,False,True,False,200,200,1400,1400,200,200,200,200
False,False,True,True,200,200,1400,1400,200,200,200,200
False,True,False,False,0,0,0,0,0,0,0,0
False,True,False,True,200,200,200,200,0,0,0,0
False,True,True,False,0,0,0,0,0,0,0,0
False,True,True,True,0,0,0,0,0,0,0,0
True,False,False,False,200,200,1400,1400,200,200,200,200
True,False,False,True,200,200,1400,1400,200,200,200,200
True,False,True,False,200,200,1400,1400,200,200,200,200
True,False,True,True,200,200,1400,1400,200,200,200,200
True,True,False,False,200,200,1400,1400,200,200,200,200
True,True,False,True,200,200,1400,1400,200,200,200,200
True,True,True,False,200,200,1400,1400,200,200,200,200
True,True,True,True,200,200,1400,1400,200,200,200,200
